panel,source_table,label_definition,label_version,panel_rows,events,prevalence,changed_from_earlier,zero_to_one,one_to_zero,prevalence_percent,claim_ids,source_path,source_sha256,filter,denominator,license_class,model_id,positives,negatives,metric,budget,value,estimable,resolved_budget,canonical_vector_sha256,score_vector_group,group_size,plot_representative,plot_order,color_key,alias_members_equals,alias_members_slash,rank,same_panel_rows
a,figure_06b_label_prevalence.csv,exact_zero,2024-12-18,13783,169,0.0122614815352245,,,,1.2261481535224501,C12,reports/R3_5B/label_drift.csv,adb80120bbc279ae9add90d0d41eadd113e3511b727fd0a63e77a7ab7c7abdec,three registered label definitions; 2024 and 2025 versions; fixed panel,panel_rows=13783,public aggregate,,,,,,,,,,,,,,,,,,
a,figure_06b_label_prevalence.csv,exact_zero,2025-09-25,13783,324,0.023507219037945101,157,156,1,2.3507219037945202,C12,reports/R3_5B/label_drift.csv,adb80120bbc279ae9add90d0d41eadd113e3511b727fd0a63e77a7ab7c7abdec,three registered label definitions; 2024 and 2025 versions; fixed panel,panel_rows=13783,public aggregate,,,,,,,,,,,,,,,,,,
a,figure_06b_label_prevalence.csv,within_10meV,2024-12-18,13783,85,0.0061670173402015001,,,,0.61670173402015993,C12,reports/R3_5B/label_drift.csv,adb80120bbc279ae9add90d0d41eadd113e3511b727fd0a63e77a7ab7c7abdec,three registered label definitions; 2024 and 2025 versions; fixed panel,panel_rows=13783,public aggregate,,,,,,,,,,,,,,,,,,
a,figure_06b_label_prevalence.csv,within_10meV,2025-09-25,13783,172,0.012479140970761001,87,87,0,1.2479140970761,C12,reports/R3_5B/label_drift.csv,adb80120bbc279ae9add90d0d41eadd113e3511b727fd0a63e77a7ab7c7abdec,three registered label definitions; 2024 and 2025 versions; fixed panel,panel_rows=13783,public aggregate,,,,,,,,,,,,,,,,,,
a,figure_06b_label_prevalence.csv,within_25meV,2024-12-18,13783,50,0.0036276572589420001,,,,0.36276572589420991,C12,reports/R3_5B/label_drift.csv,adb80120bbc279ae9add90d0d41eadd113e3511b727fd0a63e77a7ab7c7abdec,three registered label definitions; 2024 and 2025 versions; fixed panel,panel_rows=13783,public aggregate,,,,,,,,,,,,,,,,,,
a,figure_06b_label_prevalence.csv,within_25meV,2025-09-25,13783,103,0.0074729739534207,53,53,0,0.74729739534207995,C12,reports/R3_5B/label_drift.csv,adb80120bbc279ae9add90d0d41eadd113e3511b727fd0a63e77a7ab7c7abdec,three registered label definitions; 2024 and 2025 versions; fixed panel,panel_rows=13783,public aggregate,,,,,,,,,,,,,,,,,,
b,figure_06c_core_metrics.csv,exact_zero,2024-12-18,13783,,,,,,,C13,reports/R3_5B/metric_results.csv,5980f54d1d744be1a869b509f864ecc761f76b202aa3993660e4693cff923323,"AP, Brier, ROC AUC, ECE; budget is null; fixed common panel",panel_rows=13783 for every estimable row,public aggregate,M0,169,13614,average_precision,,0.0122614815352245,True,,,,,,,,,,,
b,figure_06c_core_metrics.csv,exact_zero,2024-12-18,13783,,,,,,,C13,reports/R3_5B/metric_results.csv,5980f54d1d744be1a869b509f864ecc761f76b202aa3993660e4693cff923323,"AP, Brier, ROC AUC, ECE; budget is null; fixed common panel",panel_rows=13783 for every estimable row,public aggregate,M0,169,13614,brier_score,,0.0121945186866375,True,,,,,,,,,,,
b,figure_06c_core_metrics.csv,exact_zero,2024-12-18,13783,,,,,,,C13,reports/R3_5B/metric_results.csv,5980f54d1d744be1a869b509f864ecc761f76b202aa3993660e4693cff923323,"AP, Brier, ROC AUC, ECE; budget is null; fixed common panel",panel_rows=13783 for every estimable row,public aggregate,M0,169,13614,roc_auc,,0.5,True,,,,,,,,,,,
b,figure_06c_core_metrics.csv,exact_zero,2024-12-18,13783,,,,,,,C13,reports/R3_5B/metric_results.csv,5980f54d1d744be1a869b509f864ecc761f76b202aa3993660e4693cff923323,"AP, Brier, ROC AUC, ECE; budget is null; fixed common panel",panel_rows=13783 for every estimable row,public aggregate,M0,169,13614,expected_calibration_error,,0.0091313241565288,True,,,,,,,,,,,
b,figure_06c_core_metrics.csv,exact_zero,2025-09-25,13783,,,,,,,C13,reports/R3_5B/metric_results.csv,5980f54d1d744be1a869b509f864ecc761f76b202aa3993660e4693cff923323,"AP, Brier, ROC AUC, ECE; budget is null; fixed common panel",panel_rows=13783 for every estimable row,public aggregate,M0,324,13459,average_precision,,0.023507219037945101,True,,,,,,,,,,,
b,figure_06c_core_metrics.csv,exact_zero,2025-09-25,13783,,,,,,,C13,reports/R3_5B/metric_results.csv,5980f54d1d744be1a869b509f864ecc761f76b202aa3993660e4693cff923323,"AP, Brier, ROC AUC, ECE; budget is null; fixed common panel",panel_rows=13783 for every estimable row,public aggregate,M0,324,13459,brier_score,,0.0233698543329122,True,,,,,,,,,,,
b,figure_06c_core_metrics.csv,exact_zero,2025-09-25,13783,,,,,,,C13,reports/R3_5B/metric_results.csv,5980f54d1d744be1a869b509f864ecc761f76b202aa3993660e4693cff923323,"AP, Brier, ROC AUC, ECE; budget is null; fixed common panel",panel_rows=13783 for every estimable row,public aggregate,M0,324,13459,roc_auc,,0.5,True,,,,,,,,,,,
b,figure_06c_core_metrics.csv,exact_zero,2025-09-25,13783,,,,,,,C13,reports/R3_5B/metric_results.csv,5980f54d1d744be1a869b509f864ecc761f76b202aa3993660e4693cff923323,"AP, Brier, ROC AUC, ECE; budget is null; fixed common panel",panel_rows=13783 for every estimable row,public aggregate,M0,324,13459,expected_calibration_error,,0.020377061659249501,True,,,,,,,,,,,
b,figure_06c_core_metrics.csv,within_10meV,2024-12-18,13783,,,,,,,C13,reports/R3_5B/metric_results.csv,5980f54d1d744be1a869b509f864ecc761f76b202aa3993660e4693cff923323,"AP, Brier, ROC AUC, ECE; budget is null; fixed common panel",panel_rows=13783 for every estimable row,public aggregate,M0,85,13698,average_precision,,0.0061670173402015001,True,,,,,,,,,,,
b,figure_06c_core_metrics.csv,within_10meV,2024-12-18,13783,,,,,,,C13,reports/R3_5B/metric_results.csv,5980f54d1d744be1a869b509f864ecc761f76b202aa3993660e4693cff923323,"AP, Brier, ROC AUC, ECE; budget is null; fixed common panel",panel_rows=13783 for every estimable row,public aggregate,M0,85,13698,brier_score,,0.0061382077557531004,True,,,,,,,,,,,
b,figure_06c_core_metrics.csv,within_10meV,2024-12-18,13783,,,,,,,C13,reports/R3_5B/metric_results.csv,5980f54d1d744be1a869b509f864ecc761f76b202aa3993660e4693cff923323,"AP, Brier, ROC AUC, ECE; budget is null; fixed common panel",panel_rows=13783 for every estimable row,public aggregate,M0,85,13698,roc_auc,,0.5,True,,,,,,,,,,,
b,figure_06c_core_metrics.csv,within_10meV,2024-12-18,13783,,,,,,,C13,reports/R3_5B/metric_results.csv,5980f54d1d744be1a869b509f864ecc761f76b202aa3993660e4693cff923323,"AP, Brier, ROC AUC, ECE; budget is null; fixed common panel",panel_rows=13783 for every estimable row,public aggregate,M0,85,13698,expected_calibration_error,,0.0030368599615058002,True,,,,,,,,,,,
b,figure_06c_core_metrics.csv,within_10meV,2025-09-25,13783,,,,,,,C13,reports/R3_5B/metric_results.csv,5980f54d1d744be1a869b509f864ecc761f76b202aa3993660e4693cff923323,"AP, Brier, ROC AUC, ECE; budget is null; fixed common panel",panel_rows=13783 for every estimable row,public aggregate,M0,172,13611,average_precision,,0.012479140970761001,True,,,,,,,,,,,
b,figure_06c_core_metrics.csv,within_10meV,2025-09-25,13783,,,,,,,C13,reports/R3_5B/metric_results.csv,5980f54d1d744be1a869b509f864ecc761f76b202aa3993660e4693cff923323,"AP, Brier, ROC AUC, ECE; budget is null; fixed common panel",panel_rows=13783 for every estimable row,public aggregate,M0,172,13611,brier_score,,0.012410815505597601,True,,,,,,,,,,,
b,figure_06c_core_metrics.csv,within_10meV,2025-09-25,13783,,,,,,,C13,reports/R3_5B/metric_results.csv,5980f54d1d744be1a869b509f864ecc761f76b202aa3993660e4693cff923323,"AP, Brier, ROC AUC, ECE; budget is null; fixed common panel",panel_rows=13783 for every estimable row,public aggregate,M0,172,13611,roc_auc,,0.5,True,,,,,,,,,,,
b,figure_06c_core_metrics.csv,within_10meV,2025-09-25,13783,,,,,,,C13,reports/R3_5B/metric_results.csv,5980f54d1d744be1a869b509f864ecc761f76b202aa3993660e4693cff923323,"AP, Brier, ROC AUC, ECE; budget is null; fixed common panel",panel_rows=13783 for every estimable row,public aggregate,M0,172,13611,expected_calibration_error,,0.0093489835920652006,True,,,,,,,,,,,
b,figure_06c_core_metrics.csv,within_25meV,2024-12-18,13783,,,,,,,C13,reports/R3_5B/metric_results.csv,5980f54d1d744be1a869b509f864ecc761f76b202aa3993660e4693cff923323,"AP, Brier, ROC AUC, ECE; budget is null; fixed common panel",panel_rows=13783 for every estimable row,public aggregate,M0,50,13733,average_precision,,0.0036276572589420001,True,,,,,,,,,,,
b,figure_06c_core_metrics.csv,within_25meV,2024-12-18,13783,,,,,,,C13,reports/R3_5B/metric_results.csv,5980f54d1d744be1a869b509f864ecc761f76b202aa3993660e4693cff923323,"AP, Brier, ROC AUC, ECE; budget is null; fixed common panel",panel_rows=13783 for every estimable row,public aggregate,M0,50,13733,brier_score,,0.0036147448678846002,True,,,,,,,,,,,
b,figure_06c_core_metrics.csv,within_25meV,2024-12-18,13783,,,,,,,C13,reports/R3_5B/metric_results.csv,5980f54d1d744be1a869b509f864ecc761f76b202aa3993660e4693cff923323,"AP, Brier, ROC AUC, ECE; budget is null; fixed common panel",panel_rows=13783 for every estimable row,public aggregate,M0,50,13733,roc_auc,,0.5,True,,,,,,,,,,,
b,figure_06c_core_metrics.csv,within_25meV,2024-12-18,13783,,,,,,,C13,reports/R3_5B/metric_results.csv,5980f54d1d744be1a869b509f864ecc761f76b202aa3993660e4693cff923323,"AP, Brier, ROC AUC, ECE; budget is null; fixed common panel",panel_rows=13783 for every estimable row,public aggregate,M0,50,13733,expected_calibration_error,,0.00049749988024629999,True,,,,,,,,,,,
b,figure_06c_core_metrics.csv,within_25meV,2025-09-25,13783,,,,,,,C13,reports/R3_5B/metric_results.csv,5980f54d1d744be1a869b509f864ecc761f76b202aa3993660e4693cff923323,"AP, Brier, ROC AUC, ECE; budget is null; fixed common panel",panel_rows=13783 for every estimable row,public aggregate,M0,103,13680,average_precision,,0.0074729739534207,True,,,,,,,,,,,
b,figure_06c_core_metrics.csv,within_25meV,2025-09-25,13783,,,,,,,C13,reports/R3_5B/metric_results.csv,5980f54d1d744be1a869b509f864ecc761f76b202aa3993660e4693cff923323,"AP, Brier, ROC AUC, ECE; budget is null; fixed common panel",panel_rows=13783 for every estimable row,public aggregate,M0,103,13680,brier_score,,0.0074359886695139002,True,,,,,,,,,,,
b,figure_06c_core_metrics.csv,within_25meV,2025-09-25,13783,,,,,,,C13,reports/R3_5B/metric_results.csv,5980f54d1d744be1a869b509f864ecc761f76b202aa3993660e4693cff923323,"AP, Brier, ROC AUC, ECE; budget is null; fixed common panel",panel_rows=13783 for every estimable row,public aggregate,M0,103,13680,roc_auc,,0.5,True,,,,,,,,,,,
b,figure_06c_core_metrics.csv,within_25meV,2025-09-25,13783,,,,,,,C13,reports/R3_5B/metric_results.csv,5980f54d1d744be1a869b509f864ecc761f76b202aa3993660e4693cff923323,"AP, Brier, ROC AUC, ECE; budget is null; fixed common panel",panel_rows=13783 for every estimable row,public aggregate,M0,103,13680,expected_calibration_error,,0.0043428165747251002,True,,,,,,,,,,,
b,figure_06c_core_metrics.csv,exact_zero,2024-12-18,13783,,,,,,,C13,reports/R3_5B/metric_results.csv,5980f54d1d744be1a869b509f864ecc761f76b202aa3993660e4693cff923323,"AP, Brier, ROC AUC, ECE; budget is null; fixed common panel",panel_rows=13783 for every estimable row,public aggregate,M1,169,13614,average_precision,,0.0115241968497132,True,,,,,,,,,,,
b,figure_06c_core_metrics.csv,exact_zero,2024-12-18,13783,,,,,,,C13,reports/R3_5B/metric_results.csv,5980f54d1d744be1a869b509f864ecc761f76b202aa3993660e4693cff923323,"AP, Brier, ROC AUC, ECE; budget is null; fixed common panel",panel_rows=13783 for every estimable row,public aggregate,M1,169,13614,brier_score,,0.0121936231421556,True,,,,,,,,,,,
b,figure_06c_core_metrics.csv,exact_zero,2024-12-18,13783,,,,,,,C13,reports/R3_5B/metric_results.csv,5980f54d1d744be1a869b509f864ecc761f76b202aa3993660e4693cff923323,"AP, Brier, ROC AUC, ECE; budget is null; fixed common panel",panel_rows=13783 for every estimable row,public aggregate,M1,169,13614,roc_auc,,0.45873352613868601,True,,,,,,,,,,,
b,figure_06c_core_metrics.csv,exact_zero,2024-12-18,13783,,,,,,,C13,reports/R3_5B/metric_results.csv,5980f54d1d744be1a869b509f864ecc761f76b202aa3993660e4693cff923323,"AP, Brier, ROC AUC, ECE; budget is null; fixed common panel",panel_rows=13783 for every estimable row,public aggregate,M1,169,13614,expected_calibration_error,,0.0068145793409746004,True,,,,,,,,,,,
b,figure_06c_core_metrics.csv,exact_zero,2025-09-25,13783,,,,,,,C13,reports/R3_5B/metric_results.csv,5980f54d1d744be1a869b509f864ecc761f76b202aa3993660e4693cff923323,"AP, Brier, ROC AUC, ECE; budget is null; fixed common panel",panel_rows=13783 for every estimable row,public aggregate,M1,324,13459,average_precision,,0.026702367219913401,True,,,,,,,,,,,
b,figure_06c_core_metrics.csv,exact_zero,2025-09-25,13783,,,,,,,C13,reports/R3_5B/metric_results.csv,5980f54d1d744be1a869b509f864ecc761f76b202aa3993660e4693cff923323,"AP, Brier, ROC AUC, ECE; budget is null; fixed common panel",panel_rows=13783 for every estimable row,public aggregate,M1,324,13459,brier_score,,0.023278559766305201,True,,,,,,,,,,,
b,figure_06c_core_metrics.csv,exact_zero,2025-09-25,13783,,,,,,,C13,reports/R3_5B/metric_results.csv,5980f54d1d744be1a869b509f864ecc761f76b202aa3993660e4693cff923323,"AP, Brier, ROC AUC, ECE; budget is null; fixed common panel",panel_rows=13783 for every estimable row,public aggregate,M1,324,13459,roc_auc,,0.53948640544350956,True,,,,,,,,,,,
b,figure_06c_core_metrics.csv,exact_zero,2025-09-25,13783,,,,,,,C13,reports/R3_5B/metric_results.csv,5980f54d1d744be1a869b509f864ecc761f76b202aa3993660e4693cff923323,"AP, Brier, ROC AUC, ECE; budget is null; fixed common panel",panel_rows=13783 for every estimable row,public aggregate,M1,324,13459,expected_calibration_error,,0.018060316843695301,True,,,,,,,,,,,
b,figure_06c_core_metrics.csv,within_10meV,2024-12-18,13783,,,,,,,C13,reports/R3_5B/metric_results.csv,5980f54d1d744be1a869b509f864ecc761f76b202aa3993660e4693cff923323,"AP, Brier, ROC AUC, ECE; budget is null; fixed common panel",panel_rows=13783 for every estimable row,public aggregate,M1,85,13698,average_precision,,0.0058982659853189,True,,,,,,,,,,,
b,figure_06c_core_metrics.csv,within_10meV,2024-12-18,13783,,,,,,,C13,reports/R3_5B/metric_results.csv,5980f54d1d744be1a869b509f864ecc761f76b202aa3993660e4693cff923323,"AP, Brier, ROC AUC, ECE; budget is null; fixed common panel",panel_rows=13783 for every estimable row,public aggregate,M1,85,13698,brier_score,,0.0061600691293168001,True,,,,,,,,,,,
b,figure_06c_core_metrics.csv,within_10meV,2024-12-18,13783,,,,,,,C13,reports/R3_5B/metric_results.csv,5980f54d1d744be1a869b509f864ecc761f76b202aa3993660e4693cff923323,"AP, Brier, ROC AUC, ECE; budget is null; fixed common panel",panel_rows=13783 for every estimable row,public aggregate,M1,85,13698,roc_auc,,0.48213994314326691,True,,,,,,,,,,,
b,figure_06c_core_metrics.csv,within_10meV,2024-12-18,13783,,,,,,,C13,reports/R3_5B/metric_results.csv,5980f54d1d744be1a869b509f864ecc761f76b202aa3993660e4693cff923323,"AP, Brier, ROC AUC, ECE; budget is null; fixed common panel",panel_rows=13783 for every estimable row,public aggregate,M1,85,13698,expected_calibration_error,,0.00072011514595159999,True,,,,,,,,,,,
b,figure_06c_core_metrics.csv,within_10meV,2025-09-25,13783,,,,,,,C13,reports/R3_5B/metric_results.csv,5980f54d1d744be1a869b509f864ecc761f76b202aa3993660e4693cff923323,"AP, Brier, ROC AUC, ECE; budget is null; fixed common panel",panel_rows=13783 for every estimable row,public aggregate,M1,172,13611,average_precision,,0.015004647034779901,True,,,,,,,,,,,
b,figure_06c_core_metrics.csv,within_10meV,2025-09-25,13783,,,,,,,C13,reports/R3_5B/metric_results.csv,5980f54d1d744be1a869b509f864ecc761f76b202aa3993660e4693cff923323,"AP, Brier, ROC AUC, ECE; budget is null; fixed common panel",panel_rows=13783 for every estimable row,public aggregate,M1,172,13611,brier_score,,0.0123770811534196,True,,,,,,,,,,,
b,figure_06c_core_metrics.csv,within_10meV,2025-09-25,13783,,,,,,,C13,reports/R3_5B/metric_results.csv,5980f54d1d744be1a869b509f864ecc761f76b202aa3993660e4693cff923323,"AP, Brier, ROC AUC, ECE; budget is null; fixed common panel",panel_rows=13783 for every estimable row,public aggregate,M1,172,13611,roc_auc,,0.56584085546403118,True,,,,,,,,,,,
b,figure_06c_core_metrics.csv,within_10meV,2025-09-25,13783,,,,,,,C13,reports/R3_5B/metric_results.csv,5980f54d1d744be1a869b509f864ecc761f76b202aa3993660e4693cff923323,"AP, Brier, ROC AUC, ECE; budget is null; fixed common panel",panel_rows=13783 for every estimable row,public aggregate,M1,172,13611,expected_calibration_error,,0.0070322387765110001,True,,,,,,,,,,,
b,figure_06c_core_metrics.csv,within_25meV,2024-12-18,13783,,,,,,,C13,reports/R3_5B/metric_results.csv,5980f54d1d744be1a869b509f864ecc761f76b202aa3993660e4693cff923323,"AP, Brier, ROC AUC, ECE; budget is null; fixed common panel",panel_rows=13783 for every estimable row,public aggregate,M1,50,13733,average_precision,,0.0031795832830622001,True,,,,,,,,,,,
b,figure_06c_core_metrics.csv,within_25meV,2024-12-18,13783,,,,,,,C13,reports/R3_5B/metric_results.csv,5980f54d1d744be1a869b509f864ecc761f76b202aa3993660e4693cff923323,"AP, Brier, ROC AUC, ECE; budget is null; fixed common panel",panel_rows=13783 for every estimable row,public aggregate,M1,50,13733,brier_score,,0.0036493554148074002,True,,,,,,,,,,,
b,figure_06c_core_metrics.csv,within_25meV,2024-12-18,13783,,,,,,,C13,reports/R3_5B/metric_results.csv,5980f54d1d744be1a869b509f864ecc761f76b202aa3993660e4693cff923323,"AP, Brier, ROC AUC, ECE; budget is null; fixed common panel",panel_rows=13783 for every estimable row,public aggregate,M1,50,13733,roc_auc,,0.4603946697735381,True,,,,,,,,,,,
b,figure_06c_core_metrics.csv,within_25meV,2024-12-18,13783,,,,,,,C13,reports/R3_5B/metric_results.csv,5980f54d1d744be1a869b509f864ecc761f76b202aa3993660e4693cff923323,"AP, Brier, ROC AUC, ECE; budget is null; fixed common panel",panel_rows=13783 for every estimable row,public aggregate,M1,50,13733,expected_calibration_error,,0.0018192449353077,True,,,,,,,,,,,
b,figure_06c_core_metrics.csv,within_25meV,2025-09-25,13783,,,,,,,C13,reports/R3_5B/metric_results.csv,5980f54d1d744be1a869b509f864ecc761f76b202aa3993660e4693cff923323,"AP, Brier, ROC AUC, ECE; budget is null; fixed common panel",panel_rows=13783 for every estimable row,public aggregate,M1,103,13680,average_precision,,0.0083874607500997005,True,,,,,,,,,,,
b,figure_06c_core_metrics.csv,within_25meV,2025-09-25,13783,,,,,,,C13,reports/R3_5B/metric_results.csv,5980f54d1d744be1a869b509f864ecc761f76b202aa3993660e4693cff923323,"AP, Brier, ROC AUC, ECE; budget is null; fixed common panel",panel_rows=13783 for every estimable row,public aggregate,M1,103,13680,brier_score,,0.0074392682972755,True,,,,,,,,,,,
b,figure_06c_core_metrics.csv,within_25meV,2025-09-25,13783,,,,,,,C13,reports/R3_5B/metric_results.csv,5980f54d1d744be1a869b509f864ecc761f76b202aa3993660e4693cff923323,"AP, Brier, ROC AUC, ECE; budget is null; fixed common panel",panel_rows=13783 for every estimable row,public aggregate,M1,103,13680,roc_auc,,0.54611047237835686,True,,,,,,,,,,,
b,figure_06c_core_metrics.csv,within_25meV,2025-09-25,13783,,,,,,,C13,reports/R3_5B/metric_results.csv,5980f54d1d744be1a869b509f864ecc761f76b202aa3993660e4693cff923323,"AP, Brier, ROC AUC, ECE; budget is null; fixed common panel",panel_rows=13783 for every estimable row,public aggregate,M1,103,13680,expected_calibration_error,,0.0020260717591709001,True,,,,,,,,,,,
b,figure_06c_core_metrics.csv,exact_zero,2024-12-18,13783,,,,,,,C13,reports/R3_5B/metric_results.csv,5980f54d1d744be1a869b509f864ecc761f76b202aa3993660e4693cff923323,"AP, Brier, ROC AUC, ECE; budget is null; fixed common panel",panel_rows=13783 for every estimable row,public aggregate,M2,169,13614,average_precision,,0.0102579007819766,True,,,,,,,,,,,
b,figure_06c_core_metrics.csv,exact_zero,2024-12-18,13783,,,,,,,C13,reports/R3_5B/metric_results.csv,5980f54d1d744be1a869b509f864ecc761f76b202aa3993660e4693cff923323,"AP, Brier, ROC AUC, ECE; budget is null; fixed common panel",panel_rows=13783 for every estimable row,public aggregate,M2,169,13614,brier_score,,0.0122041230648182,True,,,,,,,,,,,
b,figure_06c_core_metrics.csv,exact_zero,2024-12-18,13783,,,,,,,C13,reports/R3_5B/metric_results.csv,5980f54d1d744be1a869b509f864ecc761f76b202aa3993660e4693cff923323,"AP, Brier, ROC AUC, ECE; budget is null; fixed common panel",panel_rows=13783 for every estimable row,public aggregate,M2,169,13614,roc_auc,,0.43155105734351068,True,,,,,,,,,,,
b,figure_06c_core_metrics.csv,exact_zero,2024-12-18,13783,,,,,,,C13,reports/R3_5B/metric_results.csv,5980f54d1d744be1a869b509f864ecc761f76b202aa3993660e4693cff923323,"AP, Brier, ROC AUC, ECE; budget is null; fixed common panel",panel_rows=13783 for every estimable row,public aggregate,M2,169,13614,expected_calibration_error,,0.0065088299316537002,True,,,,,,,,,,,
b,figure_06c_core_metrics.csv,exact_zero,2025-09-25,13783,,,,,,,C13,reports/R3_5B/metric_results.csv,5980f54d1d744be1a869b509f864ecc761f76b202aa3993660e4693cff923323,"AP, Brier, ROC AUC, ECE; budget is null; fixed common panel",panel_rows=13783 for every estimable row,public aggregate,M2,324,13459,average_precision,,0.0281425587004395,True,,,,,,,,,,,
b,figure_06c_core_metrics.csv,exact_zero,2025-09-25,13783,,,,,,,C13,reports/R3_5B/metric_results.csv,5980f54d1d744be1a869b509f864ecc761f76b202aa3993660e4693cff923323,"AP, Brier, ROC AUC, ECE; budget is null; fixed common panel",panel_rows=13783 for every estimable row,public aggregate,M2,324,13459,brier_score,,0.023257342424025801,True,,,,,,,,,,,
b,figure_06c_core_metrics.csv,exact_zero,2025-09-25,13783,,,,,,,C13,reports/R3_5B/metric_results.csv,5980f54d1d744be1a869b509f864ecc761f76b202aa3993660e4693cff923323,"AP, Brier, ROC AUC, ECE; budget is null; fixed common panel",panel_rows=13783 for every estimable row,public aggregate,M2,324,13459,roc_auc,,0.55006723666480462,True,,,,,,,,,,,
b,figure_06c_core_metrics.csv,exact_zero,2025-09-25,13783,,,,,,,C13,reports/R3_5B/metric_results.csv,5980f54d1d744be1a869b509f864ecc761f76b202aa3993660e4693cff923323,"AP, Brier, ROC AUC, ECE; budget is null; fixed common panel",panel_rows=13783 for every estimable row,public aggregate,M2,324,13459,expected_calibration_error,,0.0177545674343744,True,,,,,,,,,,,
b,figure_06c_core_metrics.csv,within_10meV,2024-12-18,13783,,,,,,,C13,reports/R3_5B/metric_results.csv,5980f54d1d744be1a869b509f864ecc761f76b202aa3993660e4693cff923323,"AP, Brier, ROC AUC, ECE; budget is null; fixed common panel",panel_rows=13783 for every estimable row,public aggregate,M2,85,13698,average_precision,,0.0055361859710164,True,,,,,,,,,,,
b,figure_06c_core_metrics.csv,within_10meV,2024-12-18,13783,,,,,,,C13,reports/R3_5B/metric_results.csv,5980f54d1d744be1a869b509f864ecc761f76b202aa3993660e4693cff923323,"AP, Brier, ROC AUC, ECE; budget is null; fixed common panel",panel_rows=13783 for every estimable row,public aggregate,M2,85,13698,brier_score,,0.0061631309458373001,True,,,,,,,,,,,
b,figure_06c_core_metrics.csv,within_10meV,2024-12-18,13783,,,,,,,C13,reports/R3_5B/metric_results.csv,5980f54d1d744be1a869b509f864ecc761f76b202aa3993660e4693cff923323,"AP, Brier, ROC AUC, ECE; budget is null; fixed common panel",panel_rows=13783 for every estimable row,public aggregate,M2,85,13698,roc_auc,,0.46335918511075042,True,,,,,,,,,,,
b,figure_06c_core_metrics.csv,within_10meV,2024-12-18,13783,,,,,,,C13,reports/R3_5B/metric_results.csv,5980f54d1d744be1a869b509f864ecc761f76b202aa3993660e4693cff923323,"AP, Brier, ROC AUC, ECE; budget is null; fixed common panel",panel_rows=13783 for every estimable row,public aggregate,M2,85,13698,expected_calibration_error,,0.00041436573663080001,True,,,,,,,,,,,
b,figure_06c_core_metrics.csv,within_10meV,2025-09-25,13783,,,,,,,C13,reports/R3_5B/metric_results.csv,5980f54d1d744be1a869b509f864ecc761f76b202aa3993660e4693cff923323,"AP, Brier, ROC AUC, ECE; budget is null; fixed common panel",panel_rows=13783 for every estimable row,public aggregate,M2,172,13611,average_precision,,0.017562885088355001,True,,,,,,,,,,,
b,figure_06c_core_metrics.csv,within_10meV,2025-09-25,13783,,,,,,,C13,reports/R3_5B/metric_results.csv,5980f54d1d744be1a869b509f864ecc761f76b202aa3993660e4693cff923323,"AP, Brier, ROC AUC, ECE; budget is null; fixed common panel",panel_rows=13783 for every estimable row,public aggregate,M2,172,13611,brier_score,,0.0123569037376332,True,,,,,,,,,,,
b,figure_06c_core_metrics.csv,within_10meV,2025-09-25,13783,,,,,,,C13,reports/R3_5B/metric_results.csv,5980f54d1d744be1a869b509f864ecc761f76b202aa3993660e4693cff923323,"AP, Brier, ROC AUC, ECE; budget is null; fixed common panel",panel_rows=13783 for every estimable row,public aggregate,M2,172,13611,roc_auc,,0.59097186270338786,True,,,,,,,,,,,
b,figure_06c_core_metrics.csv,within_10meV,2025-09-25,13783,,,,,,,C13,reports/R3_5B/metric_results.csv,5980f54d1d744be1a869b509f864ecc761f76b202aa3993660e4693cff923323,"AP, Brier, ROC AUC, ECE; budget is null; fixed common panel",panel_rows=13783 for every estimable row,public aggregate,M2,172,13611,expected_calibration_error,,0.0067264893671900999,True,,,,,,,,,,,
b,figure_06c_core_metrics.csv,within_25meV,2024-12-18,13783,,,,,,,C13,reports/R3_5B/metric_results.csv,5980f54d1d744be1a869b509f864ecc761f76b202aa3993660e4693cff923323,"AP, Brier, ROC AUC, ECE; budget is null; fixed common panel",panel_rows=13783 for every estimable row,public aggregate,M2,50,13733,average_precision,,0.0029533660653272001,True,,,,,,,,,,,
b,figure_06c_core_metrics.csv,within_25meV,2024-12-18,13783,,,,,,,C13,reports/R3_5B/metric_results.csv,5980f54d1d744be1a869b509f864ecc761f76b202aa3993660e4693cff923323,"AP, Brier, ROC AUC, ECE; budget is null; fixed common panel",panel_rows=13783 for every estimable row,public aggregate,M2,50,13733,brier_score,,0.0036540754400363001,True,,,,,,,,,,,
b,figure_06c_core_metrics.csv,within_25meV,2024-12-18,13783,,,,,,,C13,reports/R3_5B/metric_results.csv,5980f54d1d744be1a869b509f864ecc761f76b202aa3993660e4693cff923323,"AP, Brier, ROC AUC, ECE; budget is null; fixed common panel",panel_rows=13783 for every estimable row,public aggregate,M2,50,13733,roc_auc,,0.42480739823782132,True,,,,,,,,,,,
b,figure_06c_core_metrics.csv,within_25meV,2024-12-18,13783,,,,,,,C13,reports/R3_5B/metric_results.csv,5980f54d1d744be1a869b509f864ecc761f76b202aa3993660e4693cff923323,"AP, Brier, ROC AUC, ECE; budget is null; fixed common panel",panel_rows=13783 for every estimable row,public aggregate,M2,50,13733,expected_calibration_error,,0.0021249943446285001,True,,,,,,,,,,,
b,figure_06c_core_metrics.csv,within_25meV,2025-09-25,13783,,,,,,,C13,reports/R3_5B/metric_results.csv,5980f54d1d744be1a869b509f864ecc761f76b202aa3993660e4693cff923323,"AP, Brier, ROC AUC, ECE; budget is null; fixed common panel",panel_rows=13783 for every estimable row,public aggregate,M2,103,13680,average_precision,,0.0103117833742906,True,,,,,,,,,,,
b,figure_06c_core_metrics.csv,within_25meV,2025-09-25,13783,,,,,,,C13,reports/R3_5B/metric_results.csv,5980f54d1d744be1a869b509f864ecc761f76b202aa3993660e4693cff923323,"AP, Brier, ROC AUC, ECE; budget is null; fixed common panel",panel_rows=13783 for every estimable row,public aggregate,M2,103,13680,brier_score,,0.0074270165145659001,True,,,,,,,,,,,
b,figure_06c_core_metrics.csv,within_25meV,2025-09-25,13783,,,,,,,C13,reports/R3_5B/metric_results.csv,5980f54d1d744be1a869b509f864ecc761f76b202aa3993660e4693cff923323,"AP, Brier, ROC AUC, ECE; budget is null; fixed common panel",panel_rows=13783 for every estimable row,public aggregate,M2,103,13680,roc_auc,,0.57216934934423425,True,,,,,,,,,,,
b,figure_06c_core_metrics.csv,within_25meV,2025-09-25,13783,,,,,,,C13,reports/R3_5B/metric_results.csv,5980f54d1d744be1a869b509f864ecc761f76b202aa3993660e4693cff923323,"AP, Brier, ROC AUC, ECE; budget is null; fixed common panel",panel_rows=13783 for every estimable row,public aggregate,M2,103,13680,expected_calibration_error,,0.0017203223498499,True,,,,,,,,,,,
b,figure_06c_core_metrics.csv,exact_zero,2024-12-18,13783,,,,,,,C13,reports/R3_5B/metric_results.csv,5980f54d1d744be1a869b509f864ecc761f76b202aa3993660e4693cff923323,"AP, Brier, ROC AUC, ECE; budget is null; fixed common panel",panel_rows=13783 for every estimable row,public aggregate,M3,169,13614,average_precision,,0.0115241968497132,True,,,,,,,,,,,
b,figure_06c_core_metrics.csv,exact_zero,2024-12-18,13783,,,,,,,C13,reports/R3_5B/metric_results.csv,5980f54d1d744be1a869b509f864ecc761f76b202aa3993660e4693cff923323,"AP, Brier, ROC AUC, ECE; budget is null; fixed common panel",panel_rows=13783 for every estimable row,public aggregate,M3,169,13614,brier_score,,0.0121936231421556,True,,,,,,,,,,,
b,figure_06c_core_metrics.csv,exact_zero,2024-12-18,13783,,,,,,,C13,reports/R3_5B/metric_results.csv,5980f54d1d744be1a869b509f864ecc761f76b202aa3993660e4693cff923323,"AP, Brier, ROC AUC, ECE; budget is null; fixed common panel",panel_rows=13783 for every estimable row,public aggregate,M3,169,13614,roc_auc,,0.45873352613868601,True,,,,,,,,,,,
b,figure_06c_core_metrics.csv,exact_zero,2024-12-18,13783,,,,,,,C13,reports/R3_5B/metric_results.csv,5980f54d1d744be1a869b509f864ecc761f76b202aa3993660e4693cff923323,"AP, Brier, ROC AUC, ECE; budget is null; fixed common panel",panel_rows=13783 for every estimable row,public aggregate,M3,169,13614,expected_calibration_error,,0.0068145793409746004,True,,,,,,,,,,,
b,figure_06c_core_metrics.csv,exact_zero,2025-09-25,13783,,,,,,,C13,reports/R3_5B/metric_results.csv,5980f54d1d744be1a869b509f864ecc761f76b202aa3993660e4693cff923323,"AP, Brier, ROC AUC, ECE; budget is null; fixed common panel",panel_rows=13783 for every estimable row,public aggregate,M3,324,13459,average_precision,,0.026702367219913401,True,,,,,,,,,,,
b,figure_06c_core_metrics.csv,exact_zero,2025-09-25,13783,,,,,,,C13,reports/R3_5B/metric_results.csv,5980f54d1d744be1a869b509f864ecc761f76b202aa3993660e4693cff923323,"AP, Brier, ROC AUC, ECE; budget is null; fixed common panel",panel_rows=13783 for every estimable row,public aggregate,M3,324,13459,brier_score,,0.023278559766305201,True,,,,,,,,,,,
b,figure_06c_core_metrics.csv,exact_zero,2025-09-25,13783,,,,,,,C13,reports/R3_5B/metric_results.csv,5980f54d1d744be1a869b509f864ecc761f76b202aa3993660e4693cff923323,"AP, Brier, ROC AUC, ECE; budget is null; fixed common panel",panel_rows=13783 for every estimable row,public aggregate,M3,324,13459,roc_auc,,0.53948640544350956,True,,,,,,,,,,,
b,figure_06c_core_metrics.csv,exact_zero,2025-09-25,13783,,,,,,,C13,reports/R3_5B/metric_results.csv,5980f54d1d744be1a869b509f864ecc761f76b202aa3993660e4693cff923323,"AP, Brier, ROC AUC, ECE; budget is null; fixed common panel",panel_rows=13783 for every estimable row,public aggregate,M3,324,13459,expected_calibration_error,,0.018060316843695301,True,,,,,,,,,,,
b,figure_06c_core_metrics.csv,within_10meV,2024-12-18,13783,,,,,,,C13,reports/R3_5B/metric_results.csv,5980f54d1d744be1a869b509f864ecc761f76b202aa3993660e4693cff923323,"AP, Brier, ROC AUC, ECE; budget is null; fixed common panel",panel_rows=13783 for every estimable row,public aggregate,M3,85,13698,average_precision,,0.0058982659853189,True,,,,,,,,,,,
b,figure_06c_core_metrics.csv,within_10meV,2024-12-18,13783,,,,,,,C13,reports/R3_5B/metric_results.csv,5980f54d1d744be1a869b509f864ecc761f76b202aa3993660e4693cff923323,"AP, Brier, ROC AUC, ECE; budget is null; fixed common panel",panel_rows=13783 for every estimable row,public aggregate,M3,85,13698,brier_score,,0.0061600691293168001,True,,,,,,,,,,,
b,figure_06c_core_metrics.csv,within_10meV,2024-12-18,13783,,,,,,,C13,reports/R3_5B/metric_results.csv,5980f54d1d744be1a869b509f864ecc761f76b202aa3993660e4693cff923323,"AP, Brier, ROC AUC, ECE; budget is null; fixed common panel",panel_rows=13783 for every estimable row,public aggregate,M3,85,13698,roc_auc,,0.48213994314326691,True,,,,,,,,,,,
b,figure_06c_core_metrics.csv,within_10meV,2024-12-18,13783,,,,,,,C13,reports/R3_5B/metric_results.csv,5980f54d1d744be1a869b509f864ecc761f76b202aa3993660e4693cff923323,"AP, Brier, ROC AUC, ECE; budget is null; fixed common panel",panel_rows=13783 for every estimable row,public aggregate,M3,85,13698,expected_calibration_error,,0.00072011514595159999,True,,,,,,,,,,,
b,figure_06c_core_metrics.csv,within_10meV,2025-09-25,13783,,,,,,,C13,reports/R3_5B/metric_results.csv,5980f54d1d744be1a869b509f864ecc761f76b202aa3993660e4693cff923323,"AP, Brier, ROC AUC, ECE; budget is null; fixed common panel",panel_rows=13783 for every estimable row,public aggregate,M3,172,13611,average_precision,,0.015004647034779901,True,,,,,,,,,,,
b,figure_06c_core_metrics.csv,within_10meV,2025-09-25,13783,,,,,,,C13,reports/R3_5B/metric_results.csv,5980f54d1d744be1a869b509f864ecc761f76b202aa3993660e4693cff923323,"AP, Brier, ROC AUC, ECE; budget is null; fixed common panel",panel_rows=13783 for every estimable row,public aggregate,M3,172,13611,brier_score,,0.0123770811534196,True,,,,,,,,,,,
b,figure_06c_core_metrics.csv,within_10meV,2025-09-25,13783,,,,,,,C13,reports/R3_5B/metric_results.csv,5980f54d1d744be1a869b509f864ecc761f76b202aa3993660e4693cff923323,"AP, Brier, ROC AUC, ECE; budget is null; fixed common panel",panel_rows=13783 for every estimable row,public aggregate,M3,172,13611,roc_auc,,0.56584085546403118,True,,,,,,,,,,,
b,figure_06c_core_metrics.csv,within_10meV,2025-09-25,13783,,,,,,,C13,reports/R3_5B/metric_results.csv,5980f54d1d744be1a869b509f864ecc761f76b202aa3993660e4693cff923323,"AP, Brier, ROC AUC, ECE; budget is null; fixed common panel",panel_rows=13783 for every estimable row,public aggregate,M3,172,13611,expected_calibration_error,,0.0070322387765110001,True,,,,,,,,,,,
b,figure_06c_core_metrics.csv,within_25meV,2024-12-18,13783,,,,,,,C13,reports/R3_5B/metric_results.csv,5980f54d1d744be1a869b509f864ecc761f76b202aa3993660e4693cff923323,"AP, Brier, ROC AUC, ECE; budget is null; fixed common panel",panel_rows=13783 for every estimable row,public aggregate,M3,50,13733,average_precision,,0.0031795832830622001,True,,,,,,,,,,,
b,figure_06c_core_metrics.csv,within_25meV,2024-12-18,13783,,,,,,,C13,reports/R3_5B/metric_results.csv,5980f54d1d744be1a869b509f864ecc761f76b202aa3993660e4693cff923323,"AP, Brier, ROC AUC, ECE; budget is null; fixed common panel",panel_rows=13783 for every estimable row,public aggregate,M3,50,13733,brier_score,,0.0036493554148074002,True,,,,,,,,,,,
b,figure_06c_core_metrics.csv,within_25meV,2024-12-18,13783,,,,,,,C13,reports/R3_5B/metric_results.csv,5980f54d1d744be1a869b509f864ecc761f76b202aa3993660e4693cff923323,"AP, Brier, ROC AUC, ECE; budget is null; fixed common panel",panel_rows=13783 for every estimable row,public aggregate,M3,50,13733,roc_auc,,0.4603946697735381,True,,,,,,,,,,,
b,figure_06c_core_metrics.csv,within_25meV,2024-12-18,13783,,,,,,,C13,reports/R3_5B/metric_results.csv,5980f54d1d744be1a869b509f864ecc761f76b202aa3993660e4693cff923323,"AP, Brier, ROC AUC, ECE; budget is null; fixed common panel",panel_rows=13783 for every estimable row,public aggregate,M3,50,13733,expected_calibration_error,,0.0018192449353077,True,,,,,,,,,,,
b,figure_06c_core_metrics.csv,within_25meV,2025-09-25,13783,,,,,,,C13,reports/R3_5B/metric_results.csv,5980f54d1d744be1a869b509f864ecc761f76b202aa3993660e4693cff923323,"AP, Brier, ROC AUC, ECE; budget is null; fixed common panel",panel_rows=13783 for every estimable row,public aggregate,M3,103,13680,average_precision,,0.0083874607500997005,True,,,,,,,,,,,
b,figure_06c_core_metrics.csv,within_25meV,2025-09-25,13783,,,,,,,C13,reports/R3_5B/metric_results.csv,5980f54d1d744be1a869b509f864ecc761f76b202aa3993660e4693cff923323,"AP, Brier, ROC AUC, ECE; budget is null; fixed common panel",panel_rows=13783 for every estimable row,public aggregate,M3,103,13680,brier_score,,0.0074392682972755,True,,,,,,,,,,,
b,figure_06c_core_metrics.csv,within_25meV,2025-09-25,13783,,,,,,,C13,reports/R3_5B/metric_results.csv,5980f54d1d744be1a869b509f864ecc761f76b202aa3993660e4693cff923323,"AP, Brier, ROC AUC, ECE; budget is null; fixed common panel",panel_rows=13783 for every estimable row,public aggregate,M3,103,13680,roc_auc,,0.54611047237835686,True,,,,,,,,,,,
b,figure_06c_core_metrics.csv,within_25meV,2025-09-25,13783,,,,,,,C13,reports/R3_5B/metric_results.csv,5980f54d1d744be1a869b509f864ecc761f76b202aa3993660e4693cff923323,"AP, Brier, ROC AUC, ECE; budget is null; fixed common panel",panel_rows=13783 for every estimable row,public aggregate,M3,103,13680,expected_calibration_error,,0.0020260717591709001,True,,,,,,,,,,,
b,figure_06c_core_metrics.csv,exact_zero,2024-12-18,13783,,,,,,,C13,reports/R3_5B/metric_results.csv,5980f54d1d744be1a869b509f864ecc761f76b202aa3993660e4693cff923323,"AP, Brier, ROC AUC, ECE; budget is null; fixed common panel",panel_rows=13783 for every estimable row,public aggregate,M4,169,13614,average_precision,,0.0102579007819766,True,,,,,,,,,,,
b,figure_06c_core_metrics.csv,exact_zero,2024-12-18,13783,,,,,,,C13,reports/R3_5B/metric_results.csv,5980f54d1d744be1a869b509f864ecc761f76b202aa3993660e4693cff923323,"AP, Brier, ROC AUC, ECE; budget is null; fixed common panel",panel_rows=13783 for every estimable row,public aggregate,M4,169,13614,brier_score,,0.0122041230648182,True,,,,,,,,,,,
b,figure_06c_core_metrics.csv,exact_zero,2024-12-18,13783,,,,,,,C13,reports/R3_5B/metric_results.csv,5980f54d1d744be1a869b509f864ecc761f76b202aa3993660e4693cff923323,"AP, Brier, ROC AUC, ECE; budget is null; fixed common panel",panel_rows=13783 for every estimable row,public aggregate,M4,169,13614,roc_auc,,0.43155105734351068,True,,,,,,,,,,,
b,figure_06c_core_metrics.csv,exact_zero,2024-12-18,13783,,,,,,,C13,reports/R3_5B/metric_results.csv,5980f54d1d744be1a869b509f864ecc761f76b202aa3993660e4693cff923323,"AP, Brier, ROC AUC, ECE; budget is null; fixed common panel",panel_rows=13783 for every estimable row,public aggregate,M4,169,13614,expected_calibration_error,,0.0065088299316537002,True,,,,,,,,,,,
b,figure_06c_core_metrics.csv,exact_zero,2025-09-25,13783,,,,,,,C13,reports/R3_5B/metric_results.csv,5980f54d1d744be1a869b509f864ecc761f76b202aa3993660e4693cff923323,"AP, Brier, ROC AUC, ECE; budget is null; fixed common panel",panel_rows=13783 for every estimable row,public aggregate,M4,324,13459,average_precision,,0.0281425587004395,True,,,,,,,,,,,
b,figure_06c_core_metrics.csv,exact_zero,2025-09-25,13783,,,,,,,C13,reports/R3_5B/metric_results.csv,5980f54d1d744be1a869b509f864ecc761f76b202aa3993660e4693cff923323,"AP, Brier, ROC AUC, ECE; budget is null; fixed common panel",panel_rows=13783 for every estimable row,public aggregate,M4,324,13459,brier_score,,0.023257342424025801,True,,,,,,,,,,,
b,figure_06c_core_metrics.csv,exact_zero,2025-09-25,13783,,,,,,,C13,reports/R3_5B/metric_results.csv,5980f54d1d744be1a869b509f864ecc761f76b202aa3993660e4693cff923323,"AP, Brier, ROC AUC, ECE; budget is null; fixed common panel",panel_rows=13783 for every estimable row,public aggregate,M4,324,13459,roc_auc,,0.55006723666480462,True,,,,,,,,,,,
b,figure_06c_core_metrics.csv,exact_zero,2025-09-25,13783,,,,,,,C13,reports/R3_5B/metric_results.csv,5980f54d1d744be1a869b509f864ecc761f76b202aa3993660e4693cff923323,"AP, Brier, ROC AUC, ECE; budget is null; fixed common panel",panel_rows=13783 for every estimable row,public aggregate,M4,324,13459,expected_calibration_error,,0.0177545674343744,True,,,,,,,,,,,
b,figure_06c_core_metrics.csv,within_10meV,2024-12-18,13783,,,,,,,C13,reports/R3_5B/metric_results.csv,5980f54d1d744be1a869b509f864ecc761f76b202aa3993660e4693cff923323,"AP, Brier, ROC AUC, ECE; budget is null; fixed common panel",panel_rows=13783 for every estimable row,public aggregate,M4,85,13698,average_precision,,0.0055361859710164,True,,,,,,,,,,,
b,figure_06c_core_metrics.csv,within_10meV,2024-12-18,13783,,,,,,,C13,reports/R3_5B/metric_results.csv,5980f54d1d744be1a869b509f864ecc761f76b202aa3993660e4693cff923323,"AP, Brier, ROC AUC, ECE; budget is null; fixed common panel",panel_rows=13783 for every estimable row,public aggregate,M4,85,13698,brier_score,,0.0061631309458373001,True,,,,,,,,,,,
b,figure_06c_core_metrics.csv,within_10meV,2024-12-18,13783,,,,,,,C13,reports/R3_5B/metric_results.csv,5980f54d1d744be1a869b509f864ecc761f76b202aa3993660e4693cff923323,"AP, Brier, ROC AUC, ECE; budget is null; fixed common panel",panel_rows=13783 for every estimable row,public aggregate,M4,85,13698,roc_auc,,0.46335918511075042,True,,,,,,,,,,,
b,figure_06c_core_metrics.csv,within_10meV,2024-12-18,13783,,,,,,,C13,reports/R3_5B/metric_results.csv,5980f54d1d744be1a869b509f864ecc761f76b202aa3993660e4693cff923323,"AP, Brier, ROC AUC, ECE; budget is null; fixed common panel",panel_rows=13783 for every estimable row,public aggregate,M4,85,13698,expected_calibration_error,,0.00041436573663080001,True,,,,,,,,,,,
b,figure_06c_core_metrics.csv,within_10meV,2025-09-25,13783,,,,,,,C13,reports/R3_5B/metric_results.csv,5980f54d1d744be1a869b509f864ecc761f76b202aa3993660e4693cff923323,"AP, Brier, ROC AUC, ECE; budget is null; fixed common panel",panel_rows=13783 for every estimable row,public aggregate,M4,172,13611,average_precision,,0.017562885088355001,True,,,,,,,,,,,
b,figure_06c_core_metrics.csv,within_10meV,2025-09-25,13783,,,,,,,C13,reports/R3_5B/metric_results.csv,5980f54d1d744be1a869b509f864ecc761f76b202aa3993660e4693cff923323,"AP, Brier, ROC AUC, ECE; budget is null; fixed common panel",panel_rows=13783 for every estimable row,public aggregate,M4,172,13611,brier_score,,0.0123569037376332,True,,,,,,,,,,,
b,figure_06c_core_metrics.csv,within_10meV,2025-09-25,13783,,,,,,,C13,reports/R3_5B/metric_results.csv,5980f54d1d744be1a869b509f864ecc761f76b202aa3993660e4693cff923323,"AP, Brier, ROC AUC, ECE; budget is null; fixed common panel",panel_rows=13783 for every estimable row,public aggregate,M4,172,13611,roc_auc,,0.59097186270338786,True,,,,,,,,,,,
b,figure_06c_core_metrics.csv,within_10meV,2025-09-25,13783,,,,,,,C13,reports/R3_5B/metric_results.csv,5980f54d1d744be1a869b509f864ecc761f76b202aa3993660e4693cff923323,"AP, Brier, ROC AUC, ECE; budget is null; fixed common panel",panel_rows=13783 for every estimable row,public aggregate,M4,172,13611,expected_calibration_error,,0.0067264893671900999,True,,,,,,,,,,,
b,figure_06c_core_metrics.csv,within_25meV,2024-12-18,13783,,,,,,,C13,reports/R3_5B/metric_results.csv,5980f54d1d744be1a869b509f864ecc761f76b202aa3993660e4693cff923323,"AP, Brier, ROC AUC, ECE; budget is null; fixed common panel",panel_rows=13783 for every estimable row,public aggregate,M4,50,13733,average_precision,,0.0029533660653272001,True,,,,,,,,,,,
b,figure_06c_core_metrics.csv,within_25meV,2024-12-18,13783,,,,,,,C13,reports/R3_5B/metric_results.csv,5980f54d1d744be1a869b509f864ecc761f76b202aa3993660e4693cff923323,"AP, Brier, ROC AUC, ECE; budget is null; fixed common panel",panel_rows=13783 for every estimable row,public aggregate,M4,50,13733,brier_score,,0.0036540754400363001,True,,,,,,,,,,,
b,figure_06c_core_metrics.csv,within_25meV,2024-12-18,13783,,,,,,,C13,reports/R3_5B/metric_results.csv,5980f54d1d744be1a869b509f864ecc761f76b202aa3993660e4693cff923323,"AP, Brier, ROC AUC, ECE; budget is null; fixed common panel",panel_rows=13783 for every estimable row,public aggregate,M4,50,13733,roc_auc,,0.42480739823782132,True,,,,,,,,,,,
b,figure_06c_core_metrics.csv,within_25meV,2024-12-18,13783,,,,,,,C13,reports/R3_5B/metric_results.csv,5980f54d1d744be1a869b509f864ecc761f76b202aa3993660e4693cff923323,"AP, Brier, ROC AUC, ECE; budget is null; fixed common panel",panel_rows=13783 for every estimable row,public aggregate,M4,50,13733,expected_calibration_error,,0.0021249943446285001,True,,,,,,,,,,,
b,figure_06c_core_metrics.csv,within_25meV,2025-09-25,13783,,,,,,,C13,reports/R3_5B/metric_results.csv,5980f54d1d744be1a869b509f864ecc761f76b202aa3993660e4693cff923323,"AP, Brier, ROC AUC, ECE; budget is null; fixed common panel",panel_rows=13783 for every estimable row,public aggregate,M4,103,13680,average_precision,,0.0103117833742906,True,,,,,,,,,,,
b,figure_06c_core_metrics.csv,within_25meV,2025-09-25,13783,,,,,,,C13,reports/R3_5B/metric_results.csv,5980f54d1d744be1a869b509f864ecc761f76b202aa3993660e4693cff923323,"AP, Brier, ROC AUC, ECE; budget is null; fixed common panel",panel_rows=13783 for every estimable row,public aggregate,M4,103,13680,brier_score,,0.0074270165145659001,True,,,,,,,,,,,
b,figure_06c_core_metrics.csv,within_25meV,2025-09-25,13783,,,,,,,C13,reports/R3_5B/metric_results.csv,5980f54d1d744be1a869b509f864ecc761f76b202aa3993660e4693cff923323,"AP, Brier, ROC AUC, ECE; budget is null; fixed common panel",panel_rows=13783 for every estimable row,public aggregate,M4,103,13680,roc_auc,,0.57216934934423425,True,,,,,,,,,,,
b,figure_06c_core_metrics.csv,within_25meV,2025-09-25,13783,,,,,,,C13,reports/R3_5B/metric_results.csv,5980f54d1d744be1a869b509f864ecc761f76b202aa3993660e4693cff923323,"AP, Brier, ROC AUC, ECE; budget is null; fixed common panel",panel_rows=13783 for every estimable row,public aggregate,M4,103,13680,expected_calibration_error,,0.0017203223498499,True,,,,,,,,,,,
b,figure_06c_core_metrics.csv,exact_zero,2024-12-18,13783,,,,,,,C13,reports/R3_5B/metric_results.csv,5980f54d1d744be1a869b509f864ecc761f76b202aa3993660e4693cff923323,"AP, Brier, ROC AUC, ECE; budget is null; fixed common panel",panel_rows=13783 for every estimable row,public aggregate,M5,169,13614,average_precision,,0.0121907562226986,True,,,,,,,,,,,
b,figure_06c_core_metrics.csv,exact_zero,2024-12-18,13783,,,,,,,C13,reports/R3_5B/metric_results.csv,5980f54d1d744be1a869b509f864ecc761f76b202aa3993660e4693cff923323,"AP, Brier, ROC AUC, ECE; budget is null; fixed common panel",panel_rows=13783 for every estimable row,public aggregate,M5,169,13614,brier_score,,0.0122203038538664,True,,,,,,,,,,,
b,figure_06c_core_metrics.csv,exact_zero,2024-12-18,13783,,,,,,,C13,reports/R3_5B/metric_results.csv,5980f54d1d744be1a869b509f864ecc761f76b202aa3993660e4693cff923323,"AP, Brier, ROC AUC, ECE; budget is null; fixed common panel",panel_rows=13783 for every estimable row,public aggregate,M5,169,13614,roc_auc,,0.47912608235691923,True,,,,,,,,,,,
b,figure_06c_core_metrics.csv,exact_zero,2024-12-18,13783,,,,,,,C13,reports/R3_5B/metric_results.csv,5980f54d1d744be1a869b509f864ecc761f76b202aa3993660e4693cff923323,"AP, Brier, ROC AUC, ECE; budget is null; fixed common panel",panel_rows=13783 for every estimable row,public aggregate,M5,169,13614,expected_calibration_error,,0.0090160905246953991,True,,,,,,,,,,,
b,figure_06c_core_metrics.csv,exact_zero,2025-09-25,13783,,,,,,,C13,reports/R3_5B/metric_results.csv,5980f54d1d744be1a869b509f864ecc761f76b202aa3993660e4693cff923323,"AP, Brier, ROC AUC, ECE; budget is null; fixed common panel",panel_rows=13783 for every estimable row,public aggregate,M5,324,13459,average_precision,,0.0272667877774527,True,,,,,,,,,,,
b,figure_06c_core_metrics.csv,exact_zero,2025-09-25,13783,,,,,,,C13,reports/R3_5B/metric_results.csv,5980f54d1d744be1a869b509f864ecc761f76b202aa3993660e4693cff923323,"AP, Brier, ROC AUC, ECE; budget is null; fixed common panel",panel_rows=13783 for every estimable row,public aggregate,M5,324,13459,brier_score,,0.023378095522405499,True,,,,,,,,,,,
b,figure_06c_core_metrics.csv,exact_zero,2025-09-25,13783,,,,,,,C13,reports/R3_5B/metric_results.csv,5980f54d1d744be1a869b509f864ecc761f76b202aa3993660e4693cff923323,"AP, Brier, ROC AUC, ECE; budget is null; fixed common panel",panel_rows=13783 for every estimable row,public aggregate,M5,324,13459,roc_auc,,0.57447114189504656,True,,,,,,,,,,,
b,figure_06c_core_metrics.csv,exact_zero,2025-09-25,13783,,,,,,,C13,reports/R3_5B/metric_results.csv,5980f54d1d744be1a869b509f864ecc761f76b202aa3993660e4693cff923323,"AP, Brier, ROC AUC, ECE; budget is null; fixed common panel",panel_rows=13783 for every estimable row,public aggregate,M5,324,13459,expected_calibration_error,,0.020261828027416301,True,,,,,,,,,,,
b,figure_06c_core_metrics.csv,within_10meV,2024-12-18,13783,,,,,,,C13,reports/R3_5B/metric_results.csv,5980f54d1d744be1a869b509f864ecc761f76b202aa3993660e4693cff923323,"AP, Brier, ROC AUC, ECE; budget is null; fixed common panel",panel_rows=13783 for every estimable row,public aggregate,M5,85,13698,average_precision,,0.0062145645057149999,True,,,,,,,,,,,
b,figure_06c_core_metrics.csv,within_10meV,2024-12-18,13783,,,,,,,C13,reports/R3_5B/metric_results.csv,5980f54d1d744be1a869b509f864ecc761f76b202aa3993660e4693cff923323,"AP, Brier, ROC AUC, ECE; budget is null; fixed common panel",panel_rows=13783 for every estimable row,public aggregate,M5,85,13698,brier_score,,0.0061670135344622,True,,,,,,,,,,,
b,figure_06c_core_metrics.csv,within_10meV,2024-12-18,13783,,,,,,,C13,reports/R3_5B/metric_results.csv,5980f54d1d744be1a869b509f864ecc761f76b202aa3993660e4693cff923323,"AP, Brier, ROC AUC, ECE; budget is null; fixed common panel",panel_rows=13783 for every estimable row,public aggregate,M5,85,13698,roc_auc,,0.45931479906899242,True,,,,,,,,,,,
b,figure_06c_core_metrics.csv,within_10meV,2024-12-18,13783,,,,,,,C13,reports/R3_5B/metric_results.csv,5980f54d1d744be1a869b509f864ecc761f76b202aa3993660e4693cff923323,"AP, Brier, ROC AUC, ECE; budget is null; fixed common panel",panel_rows=13783 for every estimable row,public aggregate,M5,85,13698,expected_calibration_error,,0.0029216263296726001,True,,,,,,,,,,,
b,figure_06c_core_metrics.csv,within_10meV,2025-09-25,13783,,,,,,,C13,reports/R3_5B/metric_results.csv,5980f54d1d744be1a869b509f864ecc761f76b202aa3993660e4693cff923323,"AP, Brier, ROC AUC, ECE; budget is null; fixed common panel",panel_rows=13783 for every estimable row,public aggregate,M5,172,13611,average_precision,,0.0144440434259821,True,,,,,,,,,,,
b,figure_06c_core_metrics.csv,within_10meV,2025-09-25,13783,,,,,,,C13,reports/R3_5B/metric_results.csv,5980f54d1d744be1a869b509f864ecc761f76b202aa3993660e4693cff923323,"AP, Brier, ROC AUC, ECE; budget is null; fixed common panel",panel_rows=13783 for every estimable row,public aggregate,M5,172,13611,brier_score,,0.012434904708967701,True,,,,,,,,,,,
b,figure_06c_core_metrics.csv,within_10meV,2025-09-25,13783,,,,,,,C13,reports/R3_5B/metric_results.csv,5980f54d1d744be1a869b509f864ecc761f76b202aa3993660e4693cff923323,"AP, Brier, ROC AUC, ECE; budget is null; fixed common panel",panel_rows=13783 for every estimable row,public aggregate,M5,172,13611,roc_auc,,0.57398854893357454,True,,,,,,,,,,,
b,figure_06c_core_metrics.csv,within_10meV,2025-09-25,13783,,,,,,,C13,reports/R3_5B/metric_results.csv,5980f54d1d744be1a869b509f864ecc761f76b202aa3993660e4693cff923323,"AP, Brier, ROC AUC, ECE; budget is null; fixed common panel",panel_rows=13783 for every estimable row,public aggregate,M5,172,13611,expected_calibration_error,,0.0092337499602319004,True,,,,,,,,,,,
b,figure_06c_core_metrics.csv,within_25meV,2024-12-18,13783,,,,,,,C13,reports/R3_5B/metric_results.csv,5980f54d1d744be1a869b509f864ecc761f76b202aa3993660e4693cff923323,"AP, Brier, ROC AUC, ECE; budget is null; fixed common panel",panel_rows=13783 for every estimable row,public aggregate,M5,50,13733,average_precision,,0.0042657002141009001,True,,,,,,,,,,,
b,figure_06c_core_metrics.csv,within_25meV,2024-12-18,13783,,,,,,,C13,reports/R3_5B/metric_results.csv,5980f54d1d744be1a869b509f864ecc761f76b202aa3993660e4693cff923323,"AP, Brier, ROC AUC, ECE; budget is null; fixed common panel",panel_rows=13783 for every estimable row,public aggregate,M5,50,13733,brier_score,,0.0036412209013416,True,,,,,,,,,,,
b,figure_06c_core_metrics.csv,within_25meV,2024-12-18,13783,,,,,,,C13,reports/R3_5B/metric_results.csv,5980f54d1d744be1a869b509f864ecc761f76b202aa3993660e4693cff923323,"AP, Brier, ROC AUC, ECE; budget is null; fixed common panel",panel_rows=13783 for every estimable row,public aggregate,M5,50,13733,roc_auc,,0.43142940362630161,True,,,,,,,,,,,
b,figure_06c_core_metrics.csv,within_25meV,2024-12-18,13783,,,,,,,C13,reports/R3_5B/metric_results.csv,5980f54d1d744be1a869b509f864ecc761f76b202aa3993660e4693cff923323,"AP, Brier, ROC AUC, ECE; budget is null; fixed common panel",panel_rows=13783 for every estimable row,public aggregate,M5,50,13733,expected_calibration_error,,0.00038226624841310002,True,,,,,,,,,,,
b,figure_06c_core_metrics.csv,within_25meV,2025-09-25,13783,,,,,,,C13,reports/R3_5B/metric_results.csv,5980f54d1d744be1a869b509f864ecc761f76b202aa3993660e4693cff923323,"AP, Brier, ROC AUC, ECE; budget is null; fixed common panel",panel_rows=13783 for every estimable row,public aggregate,M5,103,13680,average_precision,,0.0092474293626023003,True,,,,,,,,,,,
b,figure_06c_core_metrics.csv,within_25meV,2025-09-25,13783,,,,,,,C13,reports/R3_5B/metric_results.csv,5980f54d1d744be1a869b509f864ecc761f76b202aa3993660e4693cff923323,"AP, Brier, ROC AUC, ECE; budget is null; fixed common panel",panel_rows=13783 for every estimable row,public aggregate,M5,103,13680,brier_score,,0.0074564534732105003,True,,,,,,,,,,,
b,figure_06c_core_metrics.csv,within_25meV,2025-09-25,13783,,,,,,,C13,reports/R3_5B/metric_results.csv,5980f54d1d744be1a869b509f864ecc761f76b202aa3993660e4693cff923323,"AP, Brier, ROC AUC, ECE; budget is null; fixed common panel",panel_rows=13783 for every estimable row,public aggregate,M5,103,13680,roc_auc,,0.57415509850678481,True,,,,,,,,,,,
b,figure_06c_core_metrics.csv,within_25meV,2025-09-25,13783,,,,,,,C13,reports/R3_5B/metric_results.csv,5980f54d1d744be1a869b509f864ecc761f76b202aa3993660e4693cff923323,"AP, Brier, ROC AUC, ECE; budget is null; fixed common panel",panel_rows=13783 for every estimable row,public aggregate,M5,103,13680,expected_calibration_error,,0.0042275829428917002,True,,,,,,,,,,,
model_registry,phaseevonet_manuscript_data_dense_revision/source_data/figure_06_model_plot_registry.csv,,,,,,,,,,C12;C13,reports/R3_5A/prediction_hash_audit.csv,592e207d0896df467f6a3d3eaaf14ef50c67c9871165b18f226ce31981cb253e,,,public aggregate,M0,,,,,,,,435c0e3caa3ba99330fd505cd3b22d218c24b759b40b8686bb5bbdf203ce8dd5,V1,1,True,1,gray,M0,M0,,
model_registry,phaseevonet_manuscript_data_dense_revision/source_data/figure_06_model_plot_registry.csv,,,,,,,,,,C12;C13,reports/R3_5A/prediction_hash_audit.csv,592e207d0896df467f6a3d3eaaf14ef50c67c9871165b18f226ce31981cb253e,,,public aggregate,M1,,,,,,,,5f701326fdd733c1d4788193ca3fb7620485e811117c4dd14afefc323c557e0f,V2,2,True,2,blue,M1=M3,M1/M3,,
model_registry,phaseevonet_manuscript_data_dense_revision/source_data/figure_06_model_plot_registry.csv,,,,,,,,,,C12;C13,reports/R3_5A/prediction_hash_audit.csv,592e207d0896df467f6a3d3eaaf14ef50c67c9871165b18f226ce31981cb253e,,,public aggregate,M2,,,,,,,,91303f3c9f0161871ef9e7b1704af7e6e33982ef8bdfabdc607563200e0fefc1,V3,2,True,3,orange,M2=M4,M2/M4,,
model_registry,phaseevonet_manuscript_data_dense_revision/source_data/figure_06_model_plot_registry.csv,,,,,,,,,,C12;C13,reports/R3_5A/prediction_hash_audit.csv,592e207d0896df467f6a3d3eaaf14ef50c67c9871165b18f226ce31981cb253e,,,public aggregate,M3,,,,,,,,5f701326fdd733c1d4788193ca3fb7620485e811117c4dd14afefc323c557e0f,V2,2,False,2,blue,M1=M3,M1/M3,,
model_registry,phaseevonet_manuscript_data_dense_revision/source_data/figure_06_model_plot_registry.csv,,,,,,,,,,C12;C13,reports/R3_5A/prediction_hash_audit.csv,592e207d0896df467f6a3d3eaaf14ef50c67c9871165b18f226ce31981cb253e,,,public aggregate,M4,,,,,,,,91303f3c9f0161871ef9e7b1704af7e6e33982ef8bdfabdc607563200e0fefc1,V3,2,False,3,orange,M2=M4,M2/M4,,
model_registry,phaseevonet_manuscript_data_dense_revision/source_data/figure_06_model_plot_registry.csv,,,,,,,,,,C12;C13,reports/R3_5A/prediction_hash_audit.csv,592e207d0896df467f6a3d3eaaf14ef50c67c9871165b18f226ce31981cb253e,,,public aggregate,M5,,,,,,,,7ec9855f6301309a8a73ceec95077c2ac854714097db45548397a4b7017ed03f,V4,1,True,4,purple,M5,M5,,
c,figure_06d_core_metric_rank_flow.csv,exact_zero,2024-12-18,,,,,,,,C13,reports/R3_5B/model_rankings.csv,0b7b9e3331bee7935f444d3ef0505a67c7bb87d8345d04091a3569396e0b1eea,"AP, Brier, ROC AUC, ECE; budget is null; same-panel rankings",72 model/metric/label comparisons across versions,public aggregate,M0,,,average_precision,,0.0122614815352245,,,,,,,,,,,1,13783
c,figure_06d_core_metric_rank_flow.csv,exact_zero,2024-12-18,,,,,,,,C13,reports/R3_5B/model_rankings.csv,0b7b9e3331bee7935f444d3ef0505a67c7bb87d8345d04091a3569396e0b1eea,"AP, Brier, ROC AUC, ECE; budget is null; same-panel rankings",72 model/metric/label comparisons across versions,public aggregate,M1,,,average_precision,,0.0115241968497132,,,,,,,,,,,3,13783
c,figure_06d_core_metric_rank_flow.csv,exact_zero,2024-12-18,,,,,,,,C13,reports/R3_5B/model_rankings.csv,0b7b9e3331bee7935f444d3ef0505a67c7bb87d8345d04091a3569396e0b1eea,"AP, Brier, ROC AUC, ECE; budget is null; same-panel rankings",72 model/metric/label comparisons across versions,public aggregate,M2,,,average_precision,,0.0102579007819766,,,,,,,,,,,5,13783
c,figure_06d_core_metric_rank_flow.csv,exact_zero,2024-12-18,,,,,,,,C13,reports/R3_5B/model_rankings.csv,0b7b9e3331bee7935f444d3ef0505a67c7bb87d8345d04091a3569396e0b1eea,"AP, Brier, ROC AUC, ECE; budget is null; same-panel rankings",72 model/metric/label comparisons across versions,public aggregate,M3,,,average_precision,,0.0115241968497132,,,,,,,,,,,3,13783
c,figure_06d_core_metric_rank_flow.csv,exact_zero,2024-12-18,,,,,,,,C13,reports/R3_5B/model_rankings.csv,0b7b9e3331bee7935f444d3ef0505a67c7bb87d8345d04091a3569396e0b1eea,"AP, Brier, ROC AUC, ECE; budget is null; same-panel rankings",72 model/metric/label comparisons across versions,public aggregate,M4,,,average_precision,,0.0102579007819766,,,,,,,,,,,5,13783
c,figure_06d_core_metric_rank_flow.csv,exact_zero,2024-12-18,,,,,,,,C13,reports/R3_5B/model_rankings.csv,0b7b9e3331bee7935f444d3ef0505a67c7bb87d8345d04091a3569396e0b1eea,"AP, Brier, ROC AUC, ECE; budget is null; same-panel rankings",72 model/metric/label comparisons across versions,public aggregate,M5,,,average_precision,,0.0121907562226986,,,,,,,,,,,2,13783
c,figure_06d_core_metric_rank_flow.csv,exact_zero,2025-09-25,,,,,,,,C13,reports/R3_5B/model_rankings.csv,0b7b9e3331bee7935f444d3ef0505a67c7bb87d8345d04091a3569396e0b1eea,"AP, Brier, ROC AUC, ECE; budget is null; same-panel rankings",72 model/metric/label comparisons across versions,public aggregate,M0,,,average_precision,,0.023507219037945101,,,,,,,,,,,6,13783
c,figure_06d_core_metric_rank_flow.csv,exact_zero,2025-09-25,,,,,,,,C13,reports/R3_5B/model_rankings.csv,0b7b9e3331bee7935f444d3ef0505a67c7bb87d8345d04091a3569396e0b1eea,"AP, Brier, ROC AUC, ECE; budget is null; same-panel rankings",72 model/metric/label comparisons across versions,public aggregate,M1,,,average_precision,,0.026702367219913401,,,,,,,,,,,4,13783
c,figure_06d_core_metric_rank_flow.csv,exact_zero,2025-09-25,,,,,,,,C13,reports/R3_5B/model_rankings.csv,0b7b9e3331bee7935f444d3ef0505a67c7bb87d8345d04091a3569396e0b1eea,"AP, Brier, ROC AUC, ECE; budget is null; same-panel rankings",72 model/metric/label comparisons across versions,public aggregate,M2,,,average_precision,,0.0281425587004395,,,,,,,,,,,1,13783
c,figure_06d_core_metric_rank_flow.csv,exact_zero,2025-09-25,,,,,,,,C13,reports/R3_5B/model_rankings.csv,0b7b9e3331bee7935f444d3ef0505a67c7bb87d8345d04091a3569396e0b1eea,"AP, Brier, ROC AUC, ECE; budget is null; same-panel rankings",72 model/metric/label comparisons across versions,public aggregate,M3,,,average_precision,,0.026702367219913401,,,,,,,,,,,4,13783
c,figure_06d_core_metric_rank_flow.csv,exact_zero,2025-09-25,,,,,,,,C13,reports/R3_5B/model_rankings.csv,0b7b9e3331bee7935f444d3ef0505a67c7bb87d8345d04091a3569396e0b1eea,"AP, Brier, ROC AUC, ECE; budget is null; same-panel rankings",72 model/metric/label comparisons across versions,public aggregate,M4,,,average_precision,,0.0281425587004395,,,,,,,,,,,1,13783
c,figure_06d_core_metric_rank_flow.csv,exact_zero,2025-09-25,,,,,,,,C13,reports/R3_5B/model_rankings.csv,0b7b9e3331bee7935f444d3ef0505a67c7bb87d8345d04091a3569396e0b1eea,"AP, Brier, ROC AUC, ECE; budget is null; same-panel rankings",72 model/metric/label comparisons across versions,public aggregate,M5,,,average_precision,,0.0272667877774527,,,,,,,,,,,3,13783
c,figure_06d_core_metric_rank_flow.csv,exact_zero,2024-12-18,,,,,,,,C13,reports/R3_5B/model_rankings.csv,0b7b9e3331bee7935f444d3ef0505a67c7bb87d8345d04091a3569396e0b1eea,"AP, Brier, ROC AUC, ECE; budget is null; same-panel rankings",72 model/metric/label comparisons across versions,public aggregate,M0,,,brier_score,,0.0121945186866375,,,,,,,,,,,3,13783
c,figure_06d_core_metric_rank_flow.csv,exact_zero,2024-12-18,,,,,,,,C13,reports/R3_5B/model_rankings.csv,0b7b9e3331bee7935f444d3ef0505a67c7bb87d8345d04091a3569396e0b1eea,"AP, Brier, ROC AUC, ECE; budget is null; same-panel rankings",72 model/metric/label comparisons across versions,public aggregate,M1,,,brier_score,,0.0121936231421556,,,,,,,,,,,1,13783
c,figure_06d_core_metric_rank_flow.csv,exact_zero,2024-12-18,,,,,,,,C13,reports/R3_5B/model_rankings.csv,0b7b9e3331bee7935f444d3ef0505a67c7bb87d8345d04091a3569396e0b1eea,"AP, Brier, ROC AUC, ECE; budget is null; same-panel rankings",72 model/metric/label comparisons across versions,public aggregate,M2,,,brier_score,,0.0122041230648182,,,,,,,,,,,4,13783
c,figure_06d_core_metric_rank_flow.csv,exact_zero,2024-12-18,,,,,,,,C13,reports/R3_5B/model_rankings.csv,0b7b9e3331bee7935f444d3ef0505a67c7bb87d8345d04091a3569396e0b1eea,"AP, Brier, ROC AUC, ECE; budget is null; same-panel rankings",72 model/metric/label comparisons across versions,public aggregate,M3,,,brier_score,,0.0121936231421556,,,,,,,,,,,1,13783
c,figure_06d_core_metric_rank_flow.csv,exact_zero,2024-12-18,,,,,,,,C13,reports/R3_5B/model_rankings.csv,0b7b9e3331bee7935f444d3ef0505a67c7bb87d8345d04091a3569396e0b1eea,"AP, Brier, ROC AUC, ECE; budget is null; same-panel rankings",72 model/metric/label comparisons across versions,public aggregate,M4,,,brier_score,,0.0122041230648182,,,,,,,,,,,4,13783
c,figure_06d_core_metric_rank_flow.csv,exact_zero,2024-12-18,,,,,,,,C13,reports/R3_5B/model_rankings.csv,0b7b9e3331bee7935f444d3ef0505a67c7bb87d8345d04091a3569396e0b1eea,"AP, Brier, ROC AUC, ECE; budget is null; same-panel rankings",72 model/metric/label comparisons across versions,public aggregate,M5,,,brier_score,,0.0122203038538664,,,,,,,,,,,6,13783
c,figure_06d_core_metric_rank_flow.csv,exact_zero,2025-09-25,,,,,,,,C13,reports/R3_5B/model_rankings.csv,0b7b9e3331bee7935f444d3ef0505a67c7bb87d8345d04091a3569396e0b1eea,"AP, Brier, ROC AUC, ECE; budget is null; same-panel rankings",72 model/metric/label comparisons across versions,public aggregate,M0,,,brier_score,,0.0233698543329122,,,,,,,,,,,5,13783
c,figure_06d_core_metric_rank_flow.csv,exact_zero,2025-09-25,,,,,,,,C13,reports/R3_5B/model_rankings.csv,0b7b9e3331bee7935f444d3ef0505a67c7bb87d8345d04091a3569396e0b1eea,"AP, Brier, ROC AUC, ECE; budget is null; same-panel rankings",72 model/metric/label comparisons across versions,public aggregate,M1,,,brier_score,,0.023278559766305201,,,,,,,,,,,3,13783
c,figure_06d_core_metric_rank_flow.csv,exact_zero,2025-09-25,,,,,,,,C13,reports/R3_5B/model_rankings.csv,0b7b9e3331bee7935f444d3ef0505a67c7bb87d8345d04091a3569396e0b1eea,"AP, Brier, ROC AUC, ECE; budget is null; same-panel rankings",72 model/metric/label comparisons across versions,public aggregate,M2,,,brier_score,,0.023257342424025801,,,,,,,,,,,1,13783
c,figure_06d_core_metric_rank_flow.csv,exact_zero,2025-09-25,,,,,,,,C13,reports/R3_5B/model_rankings.csv,0b7b9e3331bee7935f444d3ef0505a67c7bb87d8345d04091a3569396e0b1eea,"AP, Brier, ROC AUC, ECE; budget is null; same-panel rankings",72 model/metric/label comparisons across versions,public aggregate,M3,,,brier_score,,0.023278559766305201,,,,,,,,,,,3,13783
c,figure_06d_core_metric_rank_flow.csv,exact_zero,2025-09-25,,,,,,,,C13,reports/R3_5B/model_rankings.csv,0b7b9e3331bee7935f444d3ef0505a67c7bb87d8345d04091a3569396e0b1eea,"AP, Brier, ROC AUC, ECE; budget is null; same-panel rankings",72 model/metric/label comparisons across versions,public aggregate,M4,,,brier_score,,0.023257342424025801,,,,,,,,,,,1,13783
c,figure_06d_core_metric_rank_flow.csv,exact_zero,2025-09-25,,,,,,,,C13,reports/R3_5B/model_rankings.csv,0b7b9e3331bee7935f444d3ef0505a67c7bb87d8345d04091a3569396e0b1eea,"AP, Brier, ROC AUC, ECE; budget is null; same-panel rankings",72 model/metric/label comparisons across versions,public aggregate,M5,,,brier_score,,0.023378095522405499,,,,,,,,,,,6,13783
c,figure_06d_core_metric_rank_flow.csv,exact_zero,2024-12-18,,,,,,,,C13,reports/R3_5B/model_rankings.csv,0b7b9e3331bee7935f444d3ef0505a67c7bb87d8345d04091a3569396e0b1eea,"AP, Brier, ROC AUC, ECE; budget is null; same-panel rankings",72 model/metric/label comparisons across versions,public aggregate,M0,,,expected_calibration_error,,0.0091313241565288,,,,,,,,,,,6,13783
c,figure_06d_core_metric_rank_flow.csv,exact_zero,2024-12-18,,,,,,,,C13,reports/R3_5B/model_rankings.csv,0b7b9e3331bee7935f444d3ef0505a67c7bb87d8345d04091a3569396e0b1eea,"AP, Brier, ROC AUC, ECE; budget is null; same-panel rankings",72 model/metric/label comparisons across versions,public aggregate,M1,,,expected_calibration_error,,0.0068145793409746004,,,,,,,,,,,3,13783
c,figure_06d_core_metric_rank_flow.csv,exact_zero,2024-12-18,,,,,,,,C13,reports/R3_5B/model_rankings.csv,0b7b9e3331bee7935f444d3ef0505a67c7bb87d8345d04091a3569396e0b1eea,"AP, Brier, ROC AUC, ECE; budget is null; same-panel rankings",72 model/metric/label comparisons across versions,public aggregate,M2,,,expected_calibration_error,,0.0065088299316537002,,,,,,,,,,,1,13783
c,figure_06d_core_metric_rank_flow.csv,exact_zero,2024-12-18,,,,,,,,C13,reports/R3_5B/model_rankings.csv,0b7b9e3331bee7935f444d3ef0505a67c7bb87d8345d04091a3569396e0b1eea,"AP, Brier, ROC AUC, ECE; budget is null; same-panel rankings",72 model/metric/label comparisons across versions,public aggregate,M3,,,expected_calibration_error,,0.0068145793409746004,,,,,,,,,,,3,13783
c,figure_06d_core_metric_rank_flow.csv,exact_zero,2024-12-18,,,,,,,,C13,reports/R3_5B/model_rankings.csv,0b7b9e3331bee7935f444d3ef0505a67c7bb87d8345d04091a3569396e0b1eea,"AP, Brier, ROC AUC, ECE; budget is null; same-panel rankings",72 model/metric/label comparisons across versions,public aggregate,M4,,,expected_calibration_error,,0.0065088299316537002,,,,,,,,,,,1,13783
c,figure_06d_core_metric_rank_flow.csv,exact_zero,2024-12-18,,,,,,,,C13,reports/R3_5B/model_rankings.csv,0b7b9e3331bee7935f444d3ef0505a67c7bb87d8345d04091a3569396e0b1eea,"AP, Brier, ROC AUC, ECE; budget is null; same-panel rankings",72 model/metric/label comparisons across versions,public aggregate,M5,,,expected_calibration_error,,0.0090160905246953991,,,,,,,,,,,5,13783
c,figure_06d_core_metric_rank_flow.csv,exact_zero,2025-09-25,,,,,,,,C13,reports/R3_5B/model_rankings.csv,0b7b9e3331bee7935f444d3ef0505a67c7bb87d8345d04091a3569396e0b1eea,"AP, Brier, ROC AUC, ECE; budget is null; same-panel rankings",72 model/metric/label comparisons across versions,public aggregate,M0,,,expected_calibration_error,,0.020377061659249501,,,,,,,,,,,6,13783
c,figure_06d_core_metric_rank_flow.csv,exact_zero,2025-09-25,,,,,,,,C13,reports/R3_5B/model_rankings.csv,0b7b9e3331bee7935f444d3ef0505a67c7bb87d8345d04091a3569396e0b1eea,"AP, Brier, ROC AUC, ECE; budget is null; same-panel rankings",72 model/metric/label comparisons across versions,public aggregate,M1,,,expected_calibration_error,,0.018060316843695301,,,,,,,,,,,3,13783
c,figure_06d_core_metric_rank_flow.csv,exact_zero,2025-09-25,,,,,,,,C13,reports/R3_5B/model_rankings.csv,0b7b9e3331bee7935f444d3ef0505a67c7bb87d8345d04091a3569396e0b1eea,"AP, Brier, ROC AUC, ECE; budget is null; same-panel rankings",72 model/metric/label comparisons across versions,public aggregate,M2,,,expected_calibration_error,,0.0177545674343744,,,,,,,,,,,1,13783
c,figure_06d_core_metric_rank_flow.csv,exact_zero,2025-09-25,,,,,,,,C13,reports/R3_5B/model_rankings.csv,0b7b9e3331bee7935f444d3ef0505a67c7bb87d8345d04091a3569396e0b1eea,"AP, Brier, ROC AUC, ECE; budget is null; same-panel rankings",72 model/metric/label comparisons across versions,public aggregate,M3,,,expected_calibration_error,,0.018060316843695301,,,,,,,,,,,3,13783
c,figure_06d_core_metric_rank_flow.csv,exact_zero,2025-09-25,,,,,,,,C13,reports/R3_5B/model_rankings.csv,0b7b9e3331bee7935f444d3ef0505a67c7bb87d8345d04091a3569396e0b1eea,"AP, Brier, ROC AUC, ECE; budget is null; same-panel rankings",72 model/metric/label comparisons across versions,public aggregate,M4,,,expected_calibration_error,,0.0177545674343744,,,,,,,,,,,1,13783
c,figure_06d_core_metric_rank_flow.csv,exact_zero,2025-09-25,,,,,,,,C13,reports/R3_5B/model_rankings.csv,0b7b9e3331bee7935f444d3ef0505a67c7bb87d8345d04091a3569396e0b1eea,"AP, Brier, ROC AUC, ECE; budget is null; same-panel rankings",72 model/metric/label comparisons across versions,public aggregate,M5,,,expected_calibration_error,,0.020261828027416301,,,,,,,,,,,5,13783
c,figure_06d_core_metric_rank_flow.csv,exact_zero,2024-12-18,,,,,,,,C13,reports/R3_5B/model_rankings.csv,0b7b9e3331bee7935f444d3ef0505a67c7bb87d8345d04091a3569396e0b1eea,"AP, Brier, ROC AUC, ECE; budget is null; same-panel rankings",72 model/metric/label comparisons across versions,public aggregate,M0,,,roc_auc,,0.5,,,,,,,,,,,1,13783
c,figure_06d_core_metric_rank_flow.csv,exact_zero,2024-12-18,,,,,,,,C13,reports/R3_5B/model_rankings.csv,0b7b9e3331bee7935f444d3ef0505a67c7bb87d8345d04091a3569396e0b1eea,"AP, Brier, ROC AUC, ECE; budget is null; same-panel rankings",72 model/metric/label comparisons across versions,public aggregate,M1,,,roc_auc,,0.45873352613868601,,,,,,,,,,,3,13783
c,figure_06d_core_metric_rank_flow.csv,exact_zero,2024-12-18,,,,,,,,C13,reports/R3_5B/model_rankings.csv,0b7b9e3331bee7935f444d3ef0505a67c7bb87d8345d04091a3569396e0b1eea,"AP, Brier, ROC AUC, ECE; budget is null; same-panel rankings",72 model/metric/label comparisons across versions,public aggregate,M2,,,roc_auc,,0.43155105734351068,,,,,,,,,,,5,13783
c,figure_06d_core_metric_rank_flow.csv,exact_zero,2024-12-18,,,,,,,,C13,reports/R3_5B/model_rankings.csv,0b7b9e3331bee7935f444d3ef0505a67c7bb87d8345d04091a3569396e0b1eea,"AP, Brier, ROC AUC, ECE; budget is null; same-panel rankings",72 model/metric/label comparisons across versions,public aggregate,M3,,,roc_auc,,0.45873352613868601,,,,,,,,,,,3,13783
c,figure_06d_core_metric_rank_flow.csv,exact_zero,2024-12-18,,,,,,,,C13,reports/R3_5B/model_rankings.csv,0b7b9e3331bee7935f444d3ef0505a67c7bb87d8345d04091a3569396e0b1eea,"AP, Brier, ROC AUC, ECE; budget is null; same-panel rankings",72 model/metric/label comparisons across versions,public aggregate,M4,,,roc_auc,,0.43155105734351068,,,,,,,,,,,5,13783
c,figure_06d_core_metric_rank_flow.csv,exact_zero,2024-12-18,,,,,,,,C13,reports/R3_5B/model_rankings.csv,0b7b9e3331bee7935f444d3ef0505a67c7bb87d8345d04091a3569396e0b1eea,"AP, Brier, ROC AUC, ECE; budget is null; same-panel rankings",72 model/metric/label comparisons across versions,public aggregate,M5,,,roc_auc,,0.47912608235691923,,,,,,,,,,,2,13783
c,figure_06d_core_metric_rank_flow.csv,exact_zero,2025-09-25,,,,,,,,C13,reports/R3_5B/model_rankings.csv,0b7b9e3331bee7935f444d3ef0505a67c7bb87d8345d04091a3569396e0b1eea,"AP, Brier, ROC AUC, ECE; budget is null; same-panel rankings",72 model/metric/label comparisons across versions,public aggregate,M0,,,roc_auc,,0.5,,,,,,,,,,,6,13783
c,figure_06d_core_metric_rank_flow.csv,exact_zero,2025-09-25,,,,,,,,C13,reports/R3_5B/model_rankings.csv,0b7b9e3331bee7935f444d3ef0505a67c7bb87d8345d04091a3569396e0b1eea,"AP, Brier, ROC AUC, ECE; budget is null; same-panel rankings",72 model/metric/label comparisons across versions,public aggregate,M1,,,roc_auc,,0.53948640544350956,,,,,,,,,,,4,13783
c,figure_06d_core_metric_rank_flow.csv,exact_zero,2025-09-25,,,,,,,,C13,reports/R3_5B/model_rankings.csv,0b7b9e3331bee7935f444d3ef0505a67c7bb87d8345d04091a3569396e0b1eea,"AP, Brier, ROC AUC, ECE; budget is null; same-panel rankings",72 model/metric/label comparisons across versions,public aggregate,M2,,,roc_auc,,0.55006723666480462,,,,,,,,,,,2,13783
c,figure_06d_core_metric_rank_flow.csv,exact_zero,2025-09-25,,,,,,,,C13,reports/R3_5B/model_rankings.csv,0b7b9e3331bee7935f444d3ef0505a67c7bb87d8345d04091a3569396e0b1eea,"AP, Brier, ROC AUC, ECE; budget is null; same-panel rankings",72 model/metric/label comparisons across versions,public aggregate,M3,,,roc_auc,,0.53948640544350956,,,,,,,,,,,4,13783
c,figure_06d_core_metric_rank_flow.csv,exact_zero,2025-09-25,,,,,,,,C13,reports/R3_5B/model_rankings.csv,0b7b9e3331bee7935f444d3ef0505a67c7bb87d8345d04091a3569396e0b1eea,"AP, Brier, ROC AUC, ECE; budget is null; same-panel rankings",72 model/metric/label comparisons across versions,public aggregate,M4,,,roc_auc,,0.55006723666480462,,,,,,,,,,,2,13783
c,figure_06d_core_metric_rank_flow.csv,exact_zero,2025-09-25,,,,,,,,C13,reports/R3_5B/model_rankings.csv,0b7b9e3331bee7935f444d3ef0505a67c7bb87d8345d04091a3569396e0b1eea,"AP, Brier, ROC AUC, ECE; budget is null; same-panel rankings",72 model/metric/label comparisons across versions,public aggregate,M5,,,roc_auc,,0.57447114189504656,,,,,,,,,,,1,13783
c,figure_06d_core_metric_rank_flow.csv,within_10meV,2024-12-18,,,,,,,,C13,reports/R3_5B/model_rankings.csv,0b7b9e3331bee7935f444d3ef0505a67c7bb87d8345d04091a3569396e0b1eea,"AP, Brier, ROC AUC, ECE; budget is null; same-panel rankings",72 model/metric/label comparisons across versions,public aggregate,M0,,,average_precision,,0.0061670173402015001,,,,,,,,,,,2,13783
c,figure_06d_core_metric_rank_flow.csv,within_10meV,2024-12-18,,,,,,,,C13,reports/R3_5B/model_rankings.csv,0b7b9e3331bee7935f444d3ef0505a67c7bb87d8345d04091a3569396e0b1eea,"AP, Brier, ROC AUC, ECE; budget is null; same-panel rankings",72 model/metric/label comparisons across versions,public aggregate,M1,,,average_precision,,0.0058982659853189,,,,,,,,,,,3,13783
c,figure_06d_core_metric_rank_flow.csv,within_10meV,2024-12-18,,,,,,,,C13,reports/R3_5B/model_rankings.csv,0b7b9e3331bee7935f444d3ef0505a67c7bb87d8345d04091a3569396e0b1eea,"AP, Brier, ROC AUC, ECE; budget is null; same-panel rankings",72 model/metric/label comparisons across versions,public aggregate,M2,,,average_precision,,0.0055361859710164,,,,,,,,,,,5,13783
c,figure_06d_core_metric_rank_flow.csv,within_10meV,2024-12-18,,,,,,,,C13,reports/R3_5B/model_rankings.csv,0b7b9e3331bee7935f444d3ef0505a67c7bb87d8345d04091a3569396e0b1eea,"AP, Brier, ROC AUC, ECE; budget is null; same-panel rankings",72 model/metric/label comparisons across versions,public aggregate,M3,,,average_precision,,0.0058982659853189,,,,,,,,,,,3,13783
c,figure_06d_core_metric_rank_flow.csv,within_10meV,2024-12-18,,,,,,,,C13,reports/R3_5B/model_rankings.csv,0b7b9e3331bee7935f444d3ef0505a67c7bb87d8345d04091a3569396e0b1eea,"AP, Brier, ROC AUC, ECE; budget is null; same-panel rankings",72 model/metric/label comparisons across versions,public aggregate,M4,,,average_precision,,0.0055361859710164,,,,,,,,,,,5,13783
c,figure_06d_core_metric_rank_flow.csv,within_10meV,2024-12-18,,,,,,,,C13,reports/R3_5B/model_rankings.csv,0b7b9e3331bee7935f444d3ef0505a67c7bb87d8345d04091a3569396e0b1eea,"AP, Brier, ROC AUC, ECE; budget is null; same-panel rankings",72 model/metric/label comparisons across versions,public aggregate,M5,,,average_precision,,0.0062145645057149999,,,,,,,,,,,1,13783
c,figure_06d_core_metric_rank_flow.csv,within_10meV,2025-09-25,,,,,,,,C13,reports/R3_5B/model_rankings.csv,0b7b9e3331bee7935f444d3ef0505a67c7bb87d8345d04091a3569396e0b1eea,"AP, Brier, ROC AUC, ECE; budget is null; same-panel rankings",72 model/metric/label comparisons across versions,public aggregate,M0,,,average_precision,,0.012479140970761001,,,,,,,,,,,6,13783
c,figure_06d_core_metric_rank_flow.csv,within_10meV,2025-09-25,,,,,,,,C13,reports/R3_5B/model_rankings.csv,0b7b9e3331bee7935f444d3ef0505a67c7bb87d8345d04091a3569396e0b1eea,"AP, Brier, ROC AUC, ECE; budget is null; same-panel rankings",72 model/metric/label comparisons across versions,public aggregate,M1,,,average_precision,,0.015004647034779901,,,,,,,,,,,3,13783
c,figure_06d_core_metric_rank_flow.csv,within_10meV,2025-09-25,,,,,,,,C13,reports/R3_5B/model_rankings.csv,0b7b9e3331bee7935f444d3ef0505a67c7bb87d8345d04091a3569396e0b1eea,"AP, Brier, ROC AUC, ECE; budget is null; same-panel rankings",72 model/metric/label comparisons across versions,public aggregate,M2,,,average_precision,,0.017562885088355001,,,,,,,,,,,1,13783
c,figure_06d_core_metric_rank_flow.csv,within_10meV,2025-09-25,,,,,,,,C13,reports/R3_5B/model_rankings.csv,0b7b9e3331bee7935f444d3ef0505a67c7bb87d8345d04091a3569396e0b1eea,"AP, Brier, ROC AUC, ECE; budget is null; same-panel rankings",72 model/metric/label comparisons across versions,public aggregate,M3,,,average_precision,,0.015004647034779901,,,,,,,,,,,3,13783
c,figure_06d_core_metric_rank_flow.csv,within_10meV,2025-09-25,,,,,,,,C13,reports/R3_5B/model_rankings.csv,0b7b9e3331bee7935f444d3ef0505a67c7bb87d8345d04091a3569396e0b1eea,"AP, Brier, ROC AUC, ECE; budget is null; same-panel rankings",72 model/metric/label comparisons across versions,public aggregate,M4,,,average_precision,,0.017562885088355001,,,,,,,,,,,1,13783
c,figure_06d_core_metric_rank_flow.csv,within_10meV,2025-09-25,,,,,,,,C13,reports/R3_5B/model_rankings.csv,0b7b9e3331bee7935f444d3ef0505a67c7bb87d8345d04091a3569396e0b1eea,"AP, Brier, ROC AUC, ECE; budget is null; same-panel rankings",72 model/metric/label comparisons across versions,public aggregate,M5,,,average_precision,,0.0144440434259821,,,,,,,,,,,5,13783
c,figure_06d_core_metric_rank_flow.csv,within_10meV,2024-12-18,,,,,,,,C13,reports/R3_5B/model_rankings.csv,0b7b9e3331bee7935f444d3ef0505a67c7bb87d8345d04091a3569396e0b1eea,"AP, Brier, ROC AUC, ECE; budget is null; same-panel rankings",72 model/metric/label comparisons across versions,public aggregate,M0,,,brier_score,,0.0061382077557531004,,,,,,,,,,,1,13783
c,figure_06d_core_metric_rank_flow.csv,within_10meV,2024-12-18,,,,,,,,C13,reports/R3_5B/model_rankings.csv,0b7b9e3331bee7935f444d3ef0505a67c7bb87d8345d04091a3569396e0b1eea,"AP, Brier, ROC AUC, ECE; budget is null; same-panel rankings",72 model/metric/label comparisons across versions,public aggregate,M1,,,brier_score,,0.0061600691293168001,,,,,,,,,,,2,13783
c,figure_06d_core_metric_rank_flow.csv,within_10meV,2024-12-18,,,,,,,,C13,reports/R3_5B/model_rankings.csv,0b7b9e3331bee7935f444d3ef0505a67c7bb87d8345d04091a3569396e0b1eea,"AP, Brier, ROC AUC, ECE; budget is null; same-panel rankings",72 model/metric/label comparisons across versions,public aggregate,M2,,,brier_score,,0.0061631309458373001,,,,,,,,,,,4,13783
c,figure_06d_core_metric_rank_flow.csv,within_10meV,2024-12-18,,,,,,,,C13,reports/R3_5B/model_rankings.csv,0b7b9e3331bee7935f444d3ef0505a67c7bb87d8345d04091a3569396e0b1eea,"AP, Brier, ROC AUC, ECE; budget is null; same-panel rankings",72 model/metric/label comparisons across versions,public aggregate,M3,,,brier_score,,0.0061600691293168001,,,,,,,,,,,2,13783
c,figure_06d_core_metric_rank_flow.csv,within_10meV,2024-12-18,,,,,,,,C13,reports/R3_5B/model_rankings.csv,0b7b9e3331bee7935f444d3ef0505a67c7bb87d8345d04091a3569396e0b1eea,"AP, Brier, ROC AUC, ECE; budget is null; same-panel rankings",72 model/metric/label comparisons across versions,public aggregate,M4,,,brier_score,,0.0061631309458373001,,,,,,,,,,,4,13783
c,figure_06d_core_metric_rank_flow.csv,within_10meV,2024-12-18,,,,,,,,C13,reports/R3_5B/model_rankings.csv,0b7b9e3331bee7935f444d3ef0505a67c7bb87d8345d04091a3569396e0b1eea,"AP, Brier, ROC AUC, ECE; budget is null; same-panel rankings",72 model/metric/label comparisons across versions,public aggregate,M5,,,brier_score,,0.0061670135344622,,,,,,,,,,,6,13783
c,figure_06d_core_metric_rank_flow.csv,within_10meV,2025-09-25,,,,,,,,C13,reports/R3_5B/model_rankings.csv,0b7b9e3331bee7935f444d3ef0505a67c7bb87d8345d04091a3569396e0b1eea,"AP, Brier, ROC AUC, ECE; budget is null; same-panel rankings",72 model/metric/label comparisons across versions,public aggregate,M0,,,brier_score,,0.012410815505597601,,,,,,,,,,,5,13783
c,figure_06d_core_metric_rank_flow.csv,within_10meV,2025-09-25,,,,,,,,C13,reports/R3_5B/model_rankings.csv,0b7b9e3331bee7935f444d3ef0505a67c7bb87d8345d04091a3569396e0b1eea,"AP, Brier, ROC AUC, ECE; budget is null; same-panel rankings",72 model/metric/label comparisons across versions,public aggregate,M1,,,brier_score,,0.0123770811534196,,,,,,,,,,,3,13783
c,figure_06d_core_metric_rank_flow.csv,within_10meV,2025-09-25,,,,,,,,C13,reports/R3_5B/model_rankings.csv,0b7b9e3331bee7935f444d3ef0505a67c7bb87d8345d04091a3569396e0b1eea,"AP, Brier, ROC AUC, ECE; budget is null; same-panel rankings",72 model/metric/label comparisons across versions,public aggregate,M2,,,brier_score,,0.0123569037376332,,,,,,,,,,,1,13783
c,figure_06d_core_metric_rank_flow.csv,within_10meV,2025-09-25,,,,,,,,C13,reports/R3_5B/model_rankings.csv,0b7b9e3331bee7935f444d3ef0505a67c7bb87d8345d04091a3569396e0b1eea,"AP, Brier, ROC AUC, ECE; budget is null; same-panel rankings",72 model/metric/label comparisons across versions,public aggregate,M3,,,brier_score,,0.0123770811534196,,,,,,,,,,,3,13783
c,figure_06d_core_metric_rank_flow.csv,within_10meV,2025-09-25,,,,,,,,C13,reports/R3_5B/model_rankings.csv,0b7b9e3331bee7935f444d3ef0505a67c7bb87d8345d04091a3569396e0b1eea,"AP, Brier, ROC AUC, ECE; budget is null; same-panel rankings",72 model/metric/label comparisons across versions,public aggregate,M4,,,brier_score,,0.0123569037376332,,,,,,,,,,,1,13783
c,figure_06d_core_metric_rank_flow.csv,within_10meV,2025-09-25,,,,,,,,C13,reports/R3_5B/model_rankings.csv,0b7b9e3331bee7935f444d3ef0505a67c7bb87d8345d04091a3569396e0b1eea,"AP, Brier, ROC AUC, ECE; budget is null; same-panel rankings",72 model/metric/label comparisons across versions,public aggregate,M5,,,brier_score,,0.012434904708967701,,,,,,,,,,,6,13783
c,figure_06d_core_metric_rank_flow.csv,within_10meV,2024-12-18,,,,,,,,C13,reports/R3_5B/model_rankings.csv,0b7b9e3331bee7935f444d3ef0505a67c7bb87d8345d04091a3569396e0b1eea,"AP, Brier, ROC AUC, ECE; budget is null; same-panel rankings",72 model/metric/label comparisons across versions,public aggregate,M0,,,expected_calibration_error,,0.0030368599615058002,,,,,,,,,,,6,13783
c,figure_06d_core_metric_rank_flow.csv,within_10meV,2024-12-18,,,,,,,,C13,reports/R3_5B/model_rankings.csv,0b7b9e3331bee7935f444d3ef0505a67c7bb87d8345d04091a3569396e0b1eea,"AP, Brier, ROC AUC, ECE; budget is null; same-panel rankings",72 model/metric/label comparisons across versions,public aggregate,M1,,,expected_calibration_error,,0.00072011514595159999,,,,,,,,,,,3,13783
c,figure_06d_core_metric_rank_flow.csv,within_10meV,2024-12-18,,,,,,,,C13,reports/R3_5B/model_rankings.csv,0b7b9e3331bee7935f444d3ef0505a67c7bb87d8345d04091a3569396e0b1eea,"AP, Brier, ROC AUC, ECE; budget is null; same-panel rankings",72 model/metric/label comparisons across versions,public aggregate,M2,,,expected_calibration_error,,0.00041436573663080001,,,,,,,,,,,1,13783
c,figure_06d_core_metric_rank_flow.csv,within_10meV,2024-12-18,,,,,,,,C13,reports/R3_5B/model_rankings.csv,0b7b9e3331bee7935f444d3ef0505a67c7bb87d8345d04091a3569396e0b1eea,"AP, Brier, ROC AUC, ECE; budget is null; same-panel rankings",72 model/metric/label comparisons across versions,public aggregate,M3,,,expected_calibration_error,,0.00072011514595159999,,,,,,,,,,,3,13783
c,figure_06d_core_metric_rank_flow.csv,within_10meV,2024-12-18,,,,,,,,C13,reports/R3_5B/model_rankings.csv,0b7b9e3331bee7935f444d3ef0505a67c7bb87d8345d04091a3569396e0b1eea,"AP, Brier, ROC AUC, ECE; budget is null; same-panel rankings",72 model/metric/label comparisons across versions,public aggregate,M4,,,expected_calibration_error,,0.00041436573663080001,,,,,,,,,,,1,13783
c,figure_06d_core_metric_rank_flow.csv,within_10meV,2024-12-18,,,,,,,,C13,reports/R3_5B/model_rankings.csv,0b7b9e3331bee7935f444d3ef0505a67c7bb87d8345d04091a3569396e0b1eea,"AP, Brier, ROC AUC, ECE; budget is null; same-panel rankings",72 model/metric/label comparisons across versions,public aggregate,M5,,,expected_calibration_error,,0.0029216263296726001,,,,,,,,,,,5,13783
c,figure_06d_core_metric_rank_flow.csv,within_10meV,2025-09-25,,,,,,,,C13,reports/R3_5B/model_rankings.csv,0b7b9e3331bee7935f444d3ef0505a67c7bb87d8345d04091a3569396e0b1eea,"AP, Brier, ROC AUC, ECE; budget is null; same-panel rankings",72 model/metric/label comparisons across versions,public aggregate,M0,,,expected_calibration_error,,0.0093489835920652006,,,,,,,,,,,6,13783
c,figure_06d_core_metric_rank_flow.csv,within_10meV,2025-09-25,,,,,,,,C13,reports/R3_5B/model_rankings.csv,0b7b9e3331bee7935f444d3ef0505a67c7bb87d8345d04091a3569396e0b1eea,"AP, Brier, ROC AUC, ECE; budget is null; same-panel rankings",72 model/metric/label comparisons across versions,public aggregate,M1,,,expected_calibration_error,,0.0070322387765110001,,,,,,,,,,,3,13783
c,figure_06d_core_metric_rank_flow.csv,within_10meV,2025-09-25,,,,,,,,C13,reports/R3_5B/model_rankings.csv,0b7b9e3331bee7935f444d3ef0505a67c7bb87d8345d04091a3569396e0b1eea,"AP, Brier, ROC AUC, ECE; budget is null; same-panel rankings",72 model/metric/label comparisons across versions,public aggregate,M2,,,expected_calibration_error,,0.0067264893671900999,,,,,,,,,,,1,13783
c,figure_06d_core_metric_rank_flow.csv,within_10meV,2025-09-25,,,,,,,,C13,reports/R3_5B/model_rankings.csv,0b7b9e3331bee7935f444d3ef0505a67c7bb87d8345d04091a3569396e0b1eea,"AP, Brier, ROC AUC, ECE; budget is null; same-panel rankings",72 model/metric/label comparisons across versions,public aggregate,M3,,,expected_calibration_error,,0.0070322387765110001,,,,,,,,,,,3,13783
c,figure_06d_core_metric_rank_flow.csv,within_10meV,2025-09-25,,,,,,,,C13,reports/R3_5B/model_rankings.csv,0b7b9e3331bee7935f444d3ef0505a67c7bb87d8345d04091a3569396e0b1eea,"AP, Brier, ROC AUC, ECE; budget is null; same-panel rankings",72 model/metric/label comparisons across versions,public aggregate,M4,,,expected_calibration_error,,0.0067264893671900999,,,,,,,,,,,1,13783
c,figure_06d_core_metric_rank_flow.csv,within_10meV,2025-09-25,,,,,,,,C13,reports/R3_5B/model_rankings.csv,0b7b9e3331bee7935f444d3ef0505a67c7bb87d8345d04091a3569396e0b1eea,"AP, Brier, ROC AUC, ECE; budget is null; same-panel rankings",72 model/metric/label comparisons across versions,public aggregate,M5,,,expected_calibration_error,,0.0092337499602319004,,,,,,,,,,,5,13783
c,figure_06d_core_metric_rank_flow.csv,within_10meV,2024-12-18,,,,,,,,C13,reports/R3_5B/model_rankings.csv,0b7b9e3331bee7935f444d3ef0505a67c7bb87d8345d04091a3569396e0b1eea,"AP, Brier, ROC AUC, ECE; budget is null; same-panel rankings",72 model/metric/label comparisons across versions,public aggregate,M0,,,roc_auc,,0.5,,,,,,,,,,,1,13783
c,figure_06d_core_metric_rank_flow.csv,within_10meV,2024-12-18,,,,,,,,C13,reports/R3_5B/model_rankings.csv,0b7b9e3331bee7935f444d3ef0505a67c7bb87d8345d04091a3569396e0b1eea,"AP, Brier, ROC AUC, ECE; budget is null; same-panel rankings",72 model/metric/label comparisons across versions,public aggregate,M1,,,roc_auc,,0.48213994314326691,,,,,,,,,,,2,13783
c,figure_06d_core_metric_rank_flow.csv,within_10meV,2024-12-18,,,,,,,,C13,reports/R3_5B/model_rankings.csv,0b7b9e3331bee7935f444d3ef0505a67c7bb87d8345d04091a3569396e0b1eea,"AP, Brier, ROC AUC, ECE; budget is null; same-panel rankings",72 model/metric/label comparisons across versions,public aggregate,M2,,,roc_auc,,0.46335918511075042,,,,,,,,,,,4,13783
c,figure_06d_core_metric_rank_flow.csv,within_10meV,2024-12-18,,,,,,,,C13,reports/R3_5B/model_rankings.csv,0b7b9e3331bee7935f444d3ef0505a67c7bb87d8345d04091a3569396e0b1eea,"AP, Brier, ROC AUC, ECE; budget is null; same-panel rankings",72 model/metric/label comparisons across versions,public aggregate,M3,,,roc_auc,,0.48213994314326691,,,,,,,,,,,2,13783
c,figure_06d_core_metric_rank_flow.csv,within_10meV,2024-12-18,,,,,,,,C13,reports/R3_5B/model_rankings.csv,0b7b9e3331bee7935f444d3ef0505a67c7bb87d8345d04091a3569396e0b1eea,"AP, Brier, ROC AUC, ECE; budget is null; same-panel rankings",72 model/metric/label comparisons across versions,public aggregate,M4,,,roc_auc,,0.46335918511075042,,,,,,,,,,,4,13783
c,figure_06d_core_metric_rank_flow.csv,within_10meV,2024-12-18,,,,,,,,C13,reports/R3_5B/model_rankings.csv,0b7b9e3331bee7935f444d3ef0505a67c7bb87d8345d04091a3569396e0b1eea,"AP, Brier, ROC AUC, ECE; budget is null; same-panel rankings",72 model/metric/label comparisons across versions,public aggregate,M5,,,roc_auc,,0.45931479906899242,,,,,,,,,,,6,13783
c,figure_06d_core_metric_rank_flow.csv,within_10meV,2025-09-25,,,,,,,,C13,reports/R3_5B/model_rankings.csv,0b7b9e3331bee7935f444d3ef0505a67c7bb87d8345d04091a3569396e0b1eea,"AP, Brier, ROC AUC, ECE; budget is null; same-panel rankings",72 model/metric/label comparisons across versions,public aggregate,M0,,,roc_auc,,0.5,,,,,,,,,,,6,13783
c,figure_06d_core_metric_rank_flow.csv,within_10meV,2025-09-25,,,,,,,,C13,reports/R3_5B/model_rankings.csv,0b7b9e3331bee7935f444d3ef0505a67c7bb87d8345d04091a3569396e0b1eea,"AP, Brier, ROC AUC, ECE; budget is null; same-panel rankings",72 model/metric/label comparisons across versions,public aggregate,M1,,,roc_auc,,0.56584085546403118,,,,,,,,,,,4,13783
c,figure_06d_core_metric_rank_flow.csv,within_10meV,2025-09-25,,,,,,,,C13,reports/R3_5B/model_rankings.csv,0b7b9e3331bee7935f444d3ef0505a67c7bb87d8345d04091a3569396e0b1eea,"AP, Brier, ROC AUC, ECE; budget is null; same-panel rankings",72 model/metric/label comparisons across versions,public aggregate,M2,,,roc_auc,,0.59097186270338786,,,,,,,,,,,1,13783
c,figure_06d_core_metric_rank_flow.csv,within_10meV,2025-09-25,,,,,,,,C13,reports/R3_5B/model_rankings.csv,0b7b9e3331bee7935f444d3ef0505a67c7bb87d8345d04091a3569396e0b1eea,"AP, Brier, ROC AUC, ECE; budget is null; same-panel rankings",72 model/metric/label comparisons across versions,public aggregate,M3,,,roc_auc,,0.56584085546403118,,,,,,,,,,,4,13783
c,figure_06d_core_metric_rank_flow.csv,within_10meV,2025-09-25,,,,,,,,C13,reports/R3_5B/model_rankings.csv,0b7b9e3331bee7935f444d3ef0505a67c7bb87d8345d04091a3569396e0b1eea,"AP, Brier, ROC AUC, ECE; budget is null; same-panel rankings",72 model/metric/label comparisons across versions,public aggregate,M4,,,roc_auc,,0.59097186270338786,,,,,,,,,,,1,13783
c,figure_06d_core_metric_rank_flow.csv,within_10meV,2025-09-25,,,,,,,,C13,reports/R3_5B/model_rankings.csv,0b7b9e3331bee7935f444d3ef0505a67c7bb87d8345d04091a3569396e0b1eea,"AP, Brier, ROC AUC, ECE; budget is null; same-panel rankings",72 model/metric/label comparisons across versions,public aggregate,M5,,,roc_auc,,0.57398854893357454,,,,,,,,,,,3,13783
c,figure_06d_core_metric_rank_flow.csv,within_25meV,2024-12-18,,,,,,,,C13,reports/R3_5B/model_rankings.csv,0b7b9e3331bee7935f444d3ef0505a67c7bb87d8345d04091a3569396e0b1eea,"AP, Brier, ROC AUC, ECE; budget is null; same-panel rankings",72 model/metric/label comparisons across versions,public aggregate,M0,,,average_precision,,0.0036276572589420001,,,,,,,,,,,2,13783
c,figure_06d_core_metric_rank_flow.csv,within_25meV,2024-12-18,,,,,,,,C13,reports/R3_5B/model_rankings.csv,0b7b9e3331bee7935f444d3ef0505a67c7bb87d8345d04091a3569396e0b1eea,"AP, Brier, ROC AUC, ECE; budget is null; same-panel rankings",72 model/metric/label comparisons across versions,public aggregate,M1,,,average_precision,,0.0031795832830622001,,,,,,,,,,,3,13783
c,figure_06d_core_metric_rank_flow.csv,within_25meV,2024-12-18,,,,,,,,C13,reports/R3_5B/model_rankings.csv,0b7b9e3331bee7935f444d3ef0505a67c7bb87d8345d04091a3569396e0b1eea,"AP, Brier, ROC AUC, ECE; budget is null; same-panel rankings",72 model/metric/label comparisons across versions,public aggregate,M2,,,average_precision,,0.0029533660653272001,,,,,,,,,,,5,13783
c,figure_06d_core_metric_rank_flow.csv,within_25meV,2024-12-18,,,,,,,,C13,reports/R3_5B/model_rankings.csv,0b7b9e3331bee7935f444d3ef0505a67c7bb87d8345d04091a3569396e0b1eea,"AP, Brier, ROC AUC, ECE; budget is null; same-panel rankings",72 model/metric/label comparisons across versions,public aggregate,M3,,,average_precision,,0.0031795832830622001,,,,,,,,,,,3,13783
c,figure_06d_core_metric_rank_flow.csv,within_25meV,2024-12-18,,,,,,,,C13,reports/R3_5B/model_rankings.csv,0b7b9e3331bee7935f444d3ef0505a67c7bb87d8345d04091a3569396e0b1eea,"AP, Brier, ROC AUC, ECE; budget is null; same-panel rankings",72 model/metric/label comparisons across versions,public aggregate,M4,,,average_precision,,0.0029533660653272001,,,,,,,,,,,5,13783
c,figure_06d_core_metric_rank_flow.csv,within_25meV,2024-12-18,,,,,,,,C13,reports/R3_5B/model_rankings.csv,0b7b9e3331bee7935f444d3ef0505a67c7bb87d8345d04091a3569396e0b1eea,"AP, Brier, ROC AUC, ECE; budget is null; same-panel rankings",72 model/metric/label comparisons across versions,public aggregate,M5,,,average_precision,,0.0042657002141009001,,,,,,,,,,,1,13783
c,figure_06d_core_metric_rank_flow.csv,within_25meV,2025-09-25,,,,,,,,C13,reports/R3_5B/model_rankings.csv,0b7b9e3331bee7935f444d3ef0505a67c7bb87d8345d04091a3569396e0b1eea,"AP, Brier, ROC AUC, ECE; budget is null; same-panel rankings",72 model/metric/label comparisons across versions,public aggregate,M0,,,average_precision,,0.0074729739534207,,,,,,,,,,,6,13783
c,figure_06d_core_metric_rank_flow.csv,within_25meV,2025-09-25,,,,,,,,C13,reports/R3_5B/model_rankings.csv,0b7b9e3331bee7935f444d3ef0505a67c7bb87d8345d04091a3569396e0b1eea,"AP, Brier, ROC AUC, ECE; budget is null; same-panel rankings",72 model/metric/label comparisons across versions,public aggregate,M1,,,average_precision,,0.0083874607500997005,,,,,,,,,,,4,13783
c,figure_06d_core_metric_rank_flow.csv,within_25meV,2025-09-25,,,,,,,,C13,reports/R3_5B/model_rankings.csv,0b7b9e3331bee7935f444d3ef0505a67c7bb87d8345d04091a3569396e0b1eea,"AP, Brier, ROC AUC, ECE; budget is null; same-panel rankings",72 model/metric/label comparisons across versions,public aggregate,M2,,,average_precision,,0.0103117833742906,,,,,,,,,,,1,13783
c,figure_06d_core_metric_rank_flow.csv,within_25meV,2025-09-25,,,,,,,,C13,reports/R3_5B/model_rankings.csv,0b7b9e3331bee7935f444d3ef0505a67c7bb87d8345d04091a3569396e0b1eea,"AP, Brier, ROC AUC, ECE; budget is null; same-panel rankings",72 model/metric/label comparisons across versions,public aggregate,M3,,,average_precision,,0.0083874607500997005,,,,,,,,,,,4,13783
c,figure_06d_core_metric_rank_flow.csv,within_25meV,2025-09-25,,,,,,,,C13,reports/R3_5B/model_rankings.csv,0b7b9e3331bee7935f444d3ef0505a67c7bb87d8345d04091a3569396e0b1eea,"AP, Brier, ROC AUC, ECE; budget is null; same-panel rankings",72 model/metric/label comparisons across versions,public aggregate,M4,,,average_precision,,0.0103117833742906,,,,,,,,,,,1,13783
c,figure_06d_core_metric_rank_flow.csv,within_25meV,2025-09-25,,,,,,,,C13,reports/R3_5B/model_rankings.csv,0b7b9e3331bee7935f444d3ef0505a67c7bb87d8345d04091a3569396e0b1eea,"AP, Brier, ROC AUC, ECE; budget is null; same-panel rankings",72 model/metric/label comparisons across versions,public aggregate,M5,,,average_precision,,0.0092474293626023003,,,,,,,,,,,3,13783
c,figure_06d_core_metric_rank_flow.csv,within_25meV,2024-12-18,,,,,,,,C13,reports/R3_5B/model_rankings.csv,0b7b9e3331bee7935f444d3ef0505a67c7bb87d8345d04091a3569396e0b1eea,"AP, Brier, ROC AUC, ECE; budget is null; same-panel rankings",72 model/metric/label comparisons across versions,public aggregate,M0,,,brier_score,,0.0036147448678846002,,,,,,,,,,,1,13783
c,figure_06d_core_metric_rank_flow.csv,within_25meV,2024-12-18,,,,,,,,C13,reports/R3_5B/model_rankings.csv,0b7b9e3331bee7935f444d3ef0505a67c7bb87d8345d04091a3569396e0b1eea,"AP, Brier, ROC AUC, ECE; budget is null; same-panel rankings",72 model/metric/label comparisons across versions,public aggregate,M1,,,brier_score,,0.0036493554148074002,,,,,,,,,,,3,13783
c,figure_06d_core_metric_rank_flow.csv,within_25meV,2024-12-18,,,,,,,,C13,reports/R3_5B/model_rankings.csv,0b7b9e3331bee7935f444d3ef0505a67c7bb87d8345d04091a3569396e0b1eea,"AP, Brier, ROC AUC, ECE; budget is null; same-panel rankings",72 model/metric/label comparisons across versions,public aggregate,M2,,,brier_score,,0.0036540754400363001,,,,,,,,,,,5,13783
c,figure_06d_core_metric_rank_flow.csv,within_25meV,2024-12-18,,,,,,,,C13,reports/R3_5B/model_rankings.csv,0b7b9e3331bee7935f444d3ef0505a67c7bb87d8345d04091a3569396e0b1eea,"AP, Brier, ROC AUC, ECE; budget is null; same-panel rankings",72 model/metric/label comparisons across versions,public aggregate,M3,,,brier_score,,0.0036493554148074002,,,,,,,,,,,3,13783
c,figure_06d_core_metric_rank_flow.csv,within_25meV,2024-12-18,,,,,,,,C13,reports/R3_5B/model_rankings.csv,0b7b9e3331bee7935f444d3ef0505a67c7bb87d8345d04091a3569396e0b1eea,"AP, Brier, ROC AUC, ECE; budget is null; same-panel rankings",72 model/metric/label comparisons across versions,public aggregate,M4,,,brier_score,,0.0036540754400363001,,,,,,,,,,,5,13783
c,figure_06d_core_metric_rank_flow.csv,within_25meV,2024-12-18,,,,,,,,C13,reports/R3_5B/model_rankings.csv,0b7b9e3331bee7935f444d3ef0505a67c7bb87d8345d04091a3569396e0b1eea,"AP, Brier, ROC AUC, ECE; budget is null; same-panel rankings",72 model/metric/label comparisons across versions,public aggregate,M5,,,brier_score,,0.0036412209013416,,,,,,,,,,,2,13783
c,figure_06d_core_metric_rank_flow.csv,within_25meV,2025-09-25,,,,,,,,C13,reports/R3_5B/model_rankings.csv,0b7b9e3331bee7935f444d3ef0505a67c7bb87d8345d04091a3569396e0b1eea,"AP, Brier, ROC AUC, ECE; budget is null; same-panel rankings",72 model/metric/label comparisons across versions,public aggregate,M0,,,brier_score,,0.0074359886695139002,,,,,,,,,,,3,13783
c,figure_06d_core_metric_rank_flow.csv,within_25meV,2025-09-25,,,,,,,,C13,reports/R3_5B/model_rankings.csv,0b7b9e3331bee7935f444d3ef0505a67c7bb87d8345d04091a3569396e0b1eea,"AP, Brier, ROC AUC, ECE; budget is null; same-panel rankings",72 model/metric/label comparisons across versions,public aggregate,M1,,,brier_score,,0.0074392682972755,,,,,,,,,,,4,13783
c,figure_06d_core_metric_rank_flow.csv,within_25meV,2025-09-25,,,,,,,,C13,reports/R3_5B/model_rankings.csv,0b7b9e3331bee7935f444d3ef0505a67c7bb87d8345d04091a3569396e0b1eea,"AP, Brier, ROC AUC, ECE; budget is null; same-panel rankings",72 model/metric/label comparisons across versions,public aggregate,M2,,,brier_score,,0.0074270165145659001,,,,,,,,,,,1,13783
c,figure_06d_core_metric_rank_flow.csv,within_25meV,2025-09-25,,,,,,,,C13,reports/R3_5B/model_rankings.csv,0b7b9e3331bee7935f444d3ef0505a67c7bb87d8345d04091a3569396e0b1eea,"AP, Brier, ROC AUC, ECE; budget is null; same-panel rankings",72 model/metric/label comparisons across versions,public aggregate,M3,,,brier_score,,0.0074392682972755,,,,,,,,,,,4,13783
c,figure_06d_core_metric_rank_flow.csv,within_25meV,2025-09-25,,,,,,,,C13,reports/R3_5B/model_rankings.csv,0b7b9e3331bee7935f444d3ef0505a67c7bb87d8345d04091a3569396e0b1eea,"AP, Brier, ROC AUC, ECE; budget is null; same-panel rankings",72 model/metric/label comparisons across versions,public aggregate,M4,,,brier_score,,0.0074270165145659001,,,,,,,,,,,1,13783
c,figure_06d_core_metric_rank_flow.csv,within_25meV,2025-09-25,,,,,,,,C13,reports/R3_5B/model_rankings.csv,0b7b9e3331bee7935f444d3ef0505a67c7bb87d8345d04091a3569396e0b1eea,"AP, Brier, ROC AUC, ECE; budget is null; same-panel rankings",72 model/metric/label comparisons across versions,public aggregate,M5,,,brier_score,,0.0074564534732105003,,,,,,,,,,,6,13783
c,figure_06d_core_metric_rank_flow.csv,within_25meV,2024-12-18,,,,,,,,C13,reports/R3_5B/model_rankings.csv,0b7b9e3331bee7935f444d3ef0505a67c7bb87d8345d04091a3569396e0b1eea,"AP, Brier, ROC AUC, ECE; budget is null; same-panel rankings",72 model/metric/label comparisons across versions,public aggregate,M0,,,expected_calibration_error,,0.00049749988024629999,,,,,,,,,,,2,13783
c,figure_06d_core_metric_rank_flow.csv,within_25meV,2024-12-18,,,,,,,,C13,reports/R3_5B/model_rankings.csv,0b7b9e3331bee7935f444d3ef0505a67c7bb87d8345d04091a3569396e0b1eea,"AP, Brier, ROC AUC, ECE; budget is null; same-panel rankings",72 model/metric/label comparisons across versions,public aggregate,M1,,,expected_calibration_error,,0.0018192449353077,,,,,,,,,,,3,13783
c,figure_06d_core_metric_rank_flow.csv,within_25meV,2024-12-18,,,,,,,,C13,reports/R3_5B/model_rankings.csv,0b7b9e3331bee7935f444d3ef0505a67c7bb87d8345d04091a3569396e0b1eea,"AP, Brier, ROC AUC, ECE; budget is null; same-panel rankings",72 model/metric/label comparisons across versions,public aggregate,M2,,,expected_calibration_error,,0.0021249943446285001,,,,,,,,,,,5,13783
c,figure_06d_core_metric_rank_flow.csv,within_25meV,2024-12-18,,,,,,,,C13,reports/R3_5B/model_rankings.csv,0b7b9e3331bee7935f444d3ef0505a67c7bb87d8345d04091a3569396e0b1eea,"AP, Brier, ROC AUC, ECE; budget is null; same-panel rankings",72 model/metric/label comparisons across versions,public aggregate,M3,,,expected_calibration_error,,0.0018192449353077,,,,,,,,,,,3,13783
c,figure_06d_core_metric_rank_flow.csv,within_25meV,2024-12-18,,,,,,,,C13,reports/R3_5B/model_rankings.csv,0b7b9e3331bee7935f444d3ef0505a67c7bb87d8345d04091a3569396e0b1eea,"AP, Brier, ROC AUC, ECE; budget is null; same-panel rankings",72 model/metric/label comparisons across versions,public aggregate,M4,,,expected_calibration_error,,0.0021249943446285001,,,,,,,,,,,5,13783
c,figure_06d_core_metric_rank_flow.csv,within_25meV,2024-12-18,,,,,,,,C13,reports/R3_5B/model_rankings.csv,0b7b9e3331bee7935f444d3ef0505a67c7bb87d8345d04091a3569396e0b1eea,"AP, Brier, ROC AUC, ECE; budget is null; same-panel rankings",72 model/metric/label comparisons across versions,public aggregate,M5,,,expected_calibration_error,,0.00038226624841310002,,,,,,,,,,,1,13783
c,figure_06d_core_metric_rank_flow.csv,within_25meV,2025-09-25,,,,,,,,C13,reports/R3_5B/model_rankings.csv,0b7b9e3331bee7935f444d3ef0505a67c7bb87d8345d04091a3569396e0b1eea,"AP, Brier, ROC AUC, ECE; budget is null; same-panel rankings",72 model/metric/label comparisons across versions,public aggregate,M0,,,expected_calibration_error,,0.0043428165747251002,,,,,,,,,,,6,13783
c,figure_06d_core_metric_rank_flow.csv,within_25meV,2025-09-25,,,,,,,,C13,reports/R3_5B/model_rankings.csv,0b7b9e3331bee7935f444d3ef0505a67c7bb87d8345d04091a3569396e0b1eea,"AP, Brier, ROC AUC, ECE; budget is null; same-panel rankings",72 model/metric/label comparisons across versions,public aggregate,M1,,,expected_calibration_error,,0.0020260717591709001,,,,,,,,,,,3,13783
c,figure_06d_core_metric_rank_flow.csv,within_25meV,2025-09-25,,,,,,,,C13,reports/R3_5B/model_rankings.csv,0b7b9e3331bee7935f444d3ef0505a67c7bb87d8345d04091a3569396e0b1eea,"AP, Brier, ROC AUC, ECE; budget is null; same-panel rankings",72 model/metric/label comparisons across versions,public aggregate,M2,,,expected_calibration_error,,0.0017203223498499,,,,,,,,,,,1,13783
c,figure_06d_core_metric_rank_flow.csv,within_25meV,2025-09-25,,,,,,,,C13,reports/R3_5B/model_rankings.csv,0b7b9e3331bee7935f444d3ef0505a67c7bb87d8345d04091a3569396e0b1eea,"AP, Brier, ROC AUC, ECE; budget is null; same-panel rankings",72 model/metric/label comparisons across versions,public aggregate,M3,,,expected_calibration_error,,0.0020260717591709001,,,,,,,,,,,3,13783
c,figure_06d_core_metric_rank_flow.csv,within_25meV,2025-09-25,,,,,,,,C13,reports/R3_5B/model_rankings.csv,0b7b9e3331bee7935f444d3ef0505a67c7bb87d8345d04091a3569396e0b1eea,"AP, Brier, ROC AUC, ECE; budget is null; same-panel rankings",72 model/metric/label comparisons across versions,public aggregate,M4,,,expected_calibration_error,,0.0017203223498499,,,,,,,,,,,1,13783
c,figure_06d_core_metric_rank_flow.csv,within_25meV,2025-09-25,,,,,,,,C13,reports/R3_5B/model_rankings.csv,0b7b9e3331bee7935f444d3ef0505a67c7bb87d8345d04091a3569396e0b1eea,"AP, Brier, ROC AUC, ECE; budget is null; same-panel rankings",72 model/metric/label comparisons across versions,public aggregate,M5,,,expected_calibration_error,,0.0042275829428917002,,,,,,,,,,,5,13783
c,figure_06d_core_metric_rank_flow.csv,within_25meV,2024-12-18,,,,,,,,C13,reports/R3_5B/model_rankings.csv,0b7b9e3331bee7935f444d3ef0505a67c7bb87d8345d04091a3569396e0b1eea,"AP, Brier, ROC AUC, ECE; budget is null; same-panel rankings",72 model/metric/label comparisons across versions,public aggregate,M0,,,roc_auc,,0.5,,,,,,,,,,,1,13783
c,figure_06d_core_metric_rank_flow.csv,within_25meV,2024-12-18,,,,,,,,C13,reports/R3_5B/model_rankings.csv,0b7b9e3331bee7935f444d3ef0505a67c7bb87d8345d04091a3569396e0b1eea,"AP, Brier, ROC AUC, ECE; budget is null; same-panel rankings",72 model/metric/label comparisons across versions,public aggregate,M1,,,roc_auc,,0.4603946697735381,,,,,,,,,,,2,13783
c,figure_06d_core_metric_rank_flow.csv,within_25meV,2024-12-18,,,,,,,,C13,reports/R3_5B/model_rankings.csv,0b7b9e3331bee7935f444d3ef0505a67c7bb87d8345d04091a3569396e0b1eea,"AP, Brier, ROC AUC, ECE; budget is null; same-panel rankings",72 model/metric/label comparisons across versions,public aggregate,M2,,,roc_auc,,0.42480739823782132,,,,,,,,,,,5,13783
c,figure_06d_core_metric_rank_flow.csv,within_25meV,2024-12-18,,,,,,,,C13,reports/R3_5B/model_rankings.csv,0b7b9e3331bee7935f444d3ef0505a67c7bb87d8345d04091a3569396e0b1eea,"AP, Brier, ROC AUC, ECE; budget is null; same-panel rankings",72 model/metric/label comparisons across versions,public aggregate,M3,,,roc_auc,,0.4603946697735381,,,,,,,,,,,2,13783
c,figure_06d_core_metric_rank_flow.csv,within_25meV,2024-12-18,,,,,,,,C13,reports/R3_5B/model_rankings.csv,0b7b9e3331bee7935f444d3ef0505a67c7bb87d8345d04091a3569396e0b1eea,"AP, Brier, ROC AUC, ECE; budget is null; same-panel rankings",72 model/metric/label comparisons across versions,public aggregate,M4,,,roc_auc,,0.42480739823782132,,,,,,,,,,,5,13783
c,figure_06d_core_metric_rank_flow.csv,within_25meV,2024-12-18,,,,,,,,C13,reports/R3_5B/model_rankings.csv,0b7b9e3331bee7935f444d3ef0505a67c7bb87d8345d04091a3569396e0b1eea,"AP, Brier, ROC AUC, ECE; budget is null; same-panel rankings",72 model/metric/label comparisons across versions,public aggregate,M5,,,roc_auc,,0.43142940362630161,,,,,,,,,,,4,13783
c,figure_06d_core_metric_rank_flow.csv,within_25meV,2025-09-25,,,,,,,,C13,reports/R3_5B/model_rankings.csv,0b7b9e3331bee7935f444d3ef0505a67c7bb87d8345d04091a3569396e0b1eea,"AP, Brier, ROC AUC, ECE; budget is null; same-panel rankings",72 model/metric/label comparisons across versions,public aggregate,M0,,,roc_auc,,0.5,,,,,,,,,,,6,13783
c,figure_06d_core_metric_rank_flow.csv,within_25meV,2025-09-25,,,,,,,,C13,reports/R3_5B/model_rankings.csv,0b7b9e3331bee7935f444d3ef0505a67c7bb87d8345d04091a3569396e0b1eea,"AP, Brier, ROC AUC, ECE; budget is null; same-panel rankings",72 model/metric/label comparisons across versions,public aggregate,M1,,,roc_auc,,0.54611047237835686,,,,,,,,,,,4,13783
c,figure_06d_core_metric_rank_flow.csv,within_25meV,2025-09-25,,,,,,,,C13,reports/R3_5B/model_rankings.csv,0b7b9e3331bee7935f444d3ef0505a67c7bb87d8345d04091a3569396e0b1eea,"AP, Brier, ROC AUC, ECE; budget is null; same-panel rankings",72 model/metric/label comparisons across versions,public aggregate,M2,,,roc_auc,,0.57216934934423425,,,,,,,,,,,2,13783
c,figure_06d_core_metric_rank_flow.csv,within_25meV,2025-09-25,,,,,,,,C13,reports/R3_5B/model_rankings.csv,0b7b9e3331bee7935f444d3ef0505a67c7bb87d8345d04091a3569396e0b1eea,"AP, Brier, ROC AUC, ECE; budget is null; same-panel rankings",72 model/metric/label comparisons across versions,public aggregate,M3,,,roc_auc,,0.54611047237835686,,,,,,,,,,,4,13783
c,figure_06d_core_metric_rank_flow.csv,within_25meV,2025-09-25,,,,,,,,C13,reports/R3_5B/model_rankings.csv,0b7b9e3331bee7935f444d3ef0505a67c7bb87d8345d04091a3569396e0b1eea,"AP, Brier, ROC AUC, ECE; budget is null; same-panel rankings",72 model/metric/label comparisons across versions,public aggregate,M4,,,roc_auc,,0.57216934934423425,,,,,,,,,,,2,13783
c,figure_06d_core_metric_rank_flow.csv,within_25meV,2025-09-25,,,,,,,,C13,reports/R3_5B/model_rankings.csv,0b7b9e3331bee7935f444d3ef0505a67c7bb87d8345d04091a3569396e0b1eea,"AP, Brier, ROC AUC, ECE; budget is null; same-panel rankings",72 model/metric/label comparisons across versions,public aggregate,M5,,,roc_auc,,0.57415509850678481,,,,,,,,,,,1,13783
